Iterations,fitness,chromosome,,,,,,,,,
0,13.00480378,[4.52,-0.78,10,3.37,-0.08,-2.94,-2.07,-0.27,6.26, -1.41]
10,6.492236097,[-0.67,-0.78,-1.78,3.37,-0.08,-2.94,-2.07,-0.27,6.26, -1.41]
20,5.316425278,[0.6,3.24,-6.41,1.24,-0.08,-2.94,-2.07,-0.27,-3.45, 3.21]
30,4.445710497,[0.6,3.24,-6.41,3.37,-0.08,-2.94,-2.07,-0.27,-3.45, 3.21]
40,2.679854437,[0.6,3.24,-6.41,0.45,-0.08,-2.94,0.13,-0.27,-3.45, 3.21]
50,2.04554527,[-0.21,3.24,-6.41,0.45,-0.08,-2.94,0.13,-0.14,0.34, 2.84]
60,2.04554527,[-0.21,3.24,-6.41,0.45,-0.08,-2.94,0.13,-0.14,0.34, 2.84]
70,1.757899738,[-0.32,0.17,0.09,-0.2,-0.08,-2.94,0.13,-0.14,0.34, 2.84]
80,1.757899738,[-0.32,0.17,0.09,-0.2,-0.08,-2.94,0.13,-0.14,0.34, 2.84]
90,1.590337135,[0.9,3.24,-0.46,-0.2,-0.08,-2.94,0.13,-0.14,0.34, 0.32]
100,0.656716898,[-0.05,3.24,0.09,-0.2,-0.08,-2.94,0.13,-0.14,0.34, 0.32]
110,0.655115858,[-0.01,3.24,0.09,-0.2,-0.08,-2.94,0.13,-0.14,0.34, 0.32]
120,0.655115858,[-0.01,3.24,0.09,-0.2,-0.08,-2.94,0.13,-0.14,0.34, 0.32]
130,0.655115858,[-0.01,3.24,0.09,-0.2,-0.08,-2.94,0.13,-0.14,0.34, 0.32]
140,0.654409036,[-0.01,3.24,0.09,-0.2,-0.01,-2.94,0.13,-0.14,0.34, 0.32]
150,0.651147568,[-0.09,-0.06,0.09,-0.2,-0.01,-2.94,0.13,-0.14,0.34, 0.32]
160,0.651147568,[-0.09,-0.06,0.09,-0.2,-0.01,-2.94,0.13,-0.14,0.34, 0.32]
170,0.651147568,[-0.09,-0.06,0.09,-0.2,-0.01,-2.94,0.13,-0.14,0.34, 0.32]
180,0.50170196,[-0.09,-0.06,0.09,-0.2,-0.01,-2.94,0.13,-0.04,-0.11, 0.32]
190,0.50170196,[-0.09,-0.06,0.09,-0.2,-0.01,-2.94,0.13,-0.04,-0.11, 0.32]
200,0.50170196,[-0.09,-0.06,0.09,-0.2,-0.01,-2.94,0.13,-0.04,-0.11, 0.32]
210,0.50170196,[-0.09,-0.06,0.09,-0.2,-0.01,-2.94,0.13,-0.04,-0.11, 0.32]
220,0.50170196,[-0.09,-0.06,0.09,-0.2,-0.01,-2.94,0.13,-0.04,-0.11, 0.32]
230,0.501691031,[-0.01,-0.06,0.09,-0.2,-0.01,-2.94,0.13,-0.04,-0.11, 0.32]
240,0.501691031,[-0.01,-0.06,0.09,-0.2,-0.01,-2.94,0.13,-0.04,-0.11, 0.32]
250,0.501691031,[-0.01,-0.06,0.09,-0.2,-0.01,-2.94,0.13,-0.04,-0.11, 0.32]
260,0.501691031,[-0.01,-0.06,0.09,-0.2,-0.01,-2.94,0.13,-0.04,-0.11, 0.32]
270,0.501691031,[-0.01,-0.06,0.09,-0.2,-0.01,-2.94,0.13,-0.04,-0.11, 0.32]
280,0.483568121,[-0.09,-0.06,0.09,-0.02,-0.01,-2.94,0.13,-0.04,-0.11, 0.32]
290,0.483557192,[-0.01,-0.06,0.09,-0.02,-0.01,-2.94,0.13,-0.04,-0.11, 0.32]
300,0.483557192,[-0.01,-0.06,0.09,-0.02,-0.01,-2.94,0.13,-0.04,-0.11, 0.32]
310,0.483557192,[-0.01,-0.06,0.09,-0.02,-0.01,-2.94,0.13,-0.04,-0.11, 0.32]
320,0.483557192,[-0.01,-0.06,0.09,-0.02,-0.01,-2.94,0.13,-0.04,-0.11, 0.32]
330,0.483557192,[-0.01,-0.06,0.09,-0.02,-0.01,-2.94,0.13,-0.04,-0.11, 0.32]
340,0.291830815,[-0.01,-0.06,0.09,-0.02,-0.01,-0.38,0.13,-0.04,-0.11, 0.32]
350,0.291830815,[-0.01,-0.06,0.09,-0.02,-0.01,-0.38,0.13,-0.04,-0.11, 0.32]
360,0.291830815,[-0.01,-0.06,0.09,-0.02,-0.01,-0.38,0.13,-0.04,-0.11, 0.32]
370,0.209214439,[-0.01,-0.06,0.09,-0.02,-0.01,-0.38,0.13,-0.04,-0.11, -9.33]
380,0.209214439,[-0.01,-0.06,0.09,-0.02,-0.01,-0.38,0.13,-0.04,-0.11, -9.33]
390,0.209214439,[-0.01,-0.06,0.09,-0.02,-0.01,-0.38,0.13,-0.04,-0.11, -9.33]
400,0.209214439,[-0.01,-0.06,0.09,-0.02,-0.01,-0.38,0.13,-0.04,-0.11, -9.33]
410,0.209214439,[-0.01,-0.06,0.09,-0.02,-0.01,-0.38,0.13,-0.04,-0.11, -9.33]
420,0.209214439,[-0.01,-0.06,0.09,-0.02,-0.01,-0.38,0.13,-0.04,-0.11, -9.33]
430,0.209214439,[-0.01,-0.06,0.09,-0.02,-0.01,-0.38,0.13,-0.04,-0.11, -9.33]
440,0.209214439,[-0.01,-0.06,0.09,-0.02,-0.01,-0.38,0.13,-0.04,-0.11, -9.33]
450,0.209214439,[-0.01,-0.06,0.09,-0.02,-0.01,-0.38,0.13,-0.04,-0.11, -9.33]
460,0.209214439,[-0.01,-0.06,0.09,-0.02,-0.01,-0.38,0.13,-0.04,-0.11, -9.33]
470,0.209214439,[-0.01,-0.06,0.09,-0.02,-0.01,-0.38,0.13,-0.04,-0.11, -9.33]
480,0.209214439,[-0.01,-0.06,0.09,-0.02,-0.01,-0.38,0.13,-0.04,-0.11, -9.33]
490,0.209214439,[-0.01,-0.06,0.09,-0.02,-0.01,-0.38,0.13,-0.04,-0.11, -9.33]
500,0.209214439,[-0.01,-0.06,0.09,-0.02,-0.01,-0.38,0.13,-0.04,-0.11, -9.33]
510,0.209214439,[-0.01,-0.06,0.09,-0.02,-0.01,-0.38,0.13,-0.04,-0.11, -9.33]
520,0.209214439,[-0.01,-0.06,0.09,-0.02,-0.01,-0.38,0.13,-0.04,-0.11, -9.33]
530,0.209214439,[-0.01,-0.06,0.09,-0.02,-0.01,-0.38,0.13,-0.04,-0.11, -9.33]
540,0.209214439,[-0.01,-0.06,0.09,-0.02,-0.01,-0.38,0.13,-0.04,-0.11, -9.33]
550,0.209214439,[-0.01,-0.06,0.09,-0.02,-0.01,-0.38,0.13,-0.04,-0.11, -9.33]
560,0.209214439,[-0.01,-0.06,0.09,-0.02,-0.01,-0.38,0.13,-0.04,-0.11, -9.33]
570,0.209214439,[-0.01,-0.06,0.09,-0.02,-0.01,-0.38,0.13,-0.04,-0.11, -9.33]
580,0.209214439,[-0.01,-0.06,0.09,-0.02,-0.01,-0.38,0.13,-0.04,-0.11, -9.33]
590,0.209214439,[-0.01,-0.06,0.09,-0.02,-0.01,-0.38,0.13,-0.04,-0.11, -9.33]
600,0.208549097,[-0.01,-0.06,0.09,-0.02,-0.01,-0.38,0.13,-0.04,-0.11, -0.28]
610,0.208549097,[-0.01,-0.06,0.09,-0.02,-0.01,-0.38,0.13,-0.04,-0.11, -0.28]
620,0.208549097,[-0.01,-0.06,0.09,-0.02,-0.01,-0.38,0.13,-0.04,-0.11, -0.28]
630,0.208549097,[-0.01,-0.06,0.09,-0.02,-0.01,-0.38,0.13,-0.04,-0.11, -0.28]
640,0.208549097,[-0.01,-0.06,0.09,-0.02,-0.01,-0.38,0.13,-0.04,-0.11, -0.28]
650,0.208549097,[-0.01,-0.06,0.09,-0.02,-0.01,-0.38,0.13,-0.04,-0.11, -0.28]
660,0.20685376,[-0.08,0,0.09,-0.02,-0.01,-0.38,0.13,-0.04,-0.11, -0.28]
670,0.20685376,[-0.08,0,0.09,-0.02,-0.01,-0.38,0.13,-0.04,-0.11, -0.28]
680,0.206157867,[-0.09,0,0.09,-0.02,-0.01,-0.38,0.13,-0.04,-0.11, -0.28]
690,0.206157867,[-0.09,0,0.09,-0.02,-0.01,-0.38,0.13,-0.04,-0.11, -0.28]
700,0.206157867,[-0.09,0,0.09,-0.02,-0.01,-0.38,0.13,-0.04,-0.11, -0.28]
710,0.206157867,[-0.09,0,0.09,-0.02,-0.01,-0.38,0.13,-0.04,-0.11, -0.28]
720,0.206157867,[-0.09,0,0.09,-0.02,-0.01,-0.38,0.13,-0.04,-0.11, -0.28]
730,0.206146938,[-0.01,0,0.09,-0.02,-0.01,-0.38,0.13,-0.04,-0.11, -0.28]
740,0.206146938,[-0.01,0,0.09,-0.02,-0.01,-0.38,0.13,-0.04,-0.11, -0.28]
750,0.206146938,[-0.01,0,0.09,-0.02,-0.01,-0.38,0.13,-0.04,-0.11, -0.28]
760,0.206146938,[-0.01,0,0.09,-0.02,-0.01,-0.38,0.13,-0.04,-0.11, -0.28]
770,0.206146938,[-0.01,0,0.09,-0.02,-0.01,-0.38,0.13,-0.04,-0.11, -0.28]
780,0.206146938,[-0.01,0,0.09,-0.02,-0.01,-0.38,0.13,-0.04,-0.11, -0.28]
790,0.206146938,[-0.01,0,0.09,-0.02,-0.01,-0.38,0.13,-0.04,-0.11, -0.28]
800,0.206146938,[-0.01,0,0.09,-0.02,-0.01,-0.38,0.13,-0.04,-0.11, -0.28]
810,0.206146938,[-0.01,0,0.09,-0.02,-0.01,-0.38,0.13,-0.04,-0.11, -0.28]
820,0.206146938,[-0.01,0,0.09,-0.02,-0.01,-0.38,0.13,-0.04,-0.11, -0.28]
830,0.206146938,[-0.01,0,0.09,-0.02,-0.01,-0.38,0.13,-0.04,-0.11, -0.28]
840,0.206146938,[-0.01,0,0.09,-0.02,-0.01,-0.38,0.13,-0.04,-0.11, -0.28]
850,0.206146938,[-0.01,0,0.09,-0.02,-0.01,-0.38,0.13,-0.04,-0.11, -0.28]
860,0.206146938,[-0.01,0,0.09,-0.02,-0.01,-0.38,0.13,-0.04,-0.11, -0.28]
870,0.206146938,[-0.01,0,0.09,-0.02,-0.01,-0.38,0.13,-0.04,-0.11, -0.28]
880,0.206146938,[-0.01,0,0.09,-0.02,-0.01,-0.38,0.13,-0.04,-0.11, -0.28]
890,0.206146938,[-0.01,0,0.09,-0.02,-0.01,-0.38,0.13,-0.04,-0.11, -0.28]
900,0.206146938,[-0.01,0,0.09,-0.02,-0.01,-0.38,0.13,-0.04,-0.11, -0.28]
910,0.206146938,[-0.01,0,0.09,-0.02,-0.01,-0.38,0.13,-0.04,-0.11, -0.28]
920,0.206146938,[-0.01,0,0.09,-0.02,-0.01,-0.38,0.13,-0.04,-0.11, -0.28]
930,0.206146938,[-0.01,0,0.09,-0.02,-0.01,-0.38,0.13,-0.04,-0.11, -0.28]
940,0.206146938,[-0.01,0,0.09,-0.02,-0.01,-0.38,0.13,-0.04,-0.11, -0.28]
950,0.206146938,[-0.01,0,0.09,-0.02,-0.01,-0.38,0.13,-0.04,-0.11, -0.28]
960,0.196277841,[-0.01,0,0.09,-0.02,-0.01,-0.38,0.1,-0.04,-0.11, -0.28]
970,0.17999954,[-0.05,0,0.09,-0.02,-0.01,-0.38,-0.07,-0.04,-0.11, -0.28]
980,0.178409429,[-0.09,0,0.09,-0.02,-0.01,-0.38,-0.07,-0.04,-0.11, -0.28]
990,0.1783985,[-0.01,0,0.09,-0.02,-0.01,-0.38,-0.07,-0.04,-0.11, -0.28]
1000,0.1783985,[-0.01,0,0.09,-0.02,-0.01,-0.38,-0.07,-0.04,-0.11, -0.28]
1010,0.1783985,[-0.01,0,0.09,-0.02,-0.01,-0.38,-0.07,-0.04,-0.11, -0.28]
1020,0.1783985,[-0.01,0,0.09,-0.02,-0.01,-0.38,-0.07,-0.04,-0.11, -0.28]
1030,0.09234284,[-0.09,0,0.09,-0.02,-0.01,-0.19,-0.07,-0.04,-0.11, -0.28]
1040,0.092331911,[-0.01,0,0.09,-0.02,-0.01,-0.19,-0.07,-0.04,-0.11, -0.28]
1050,0.092331911,[-0.01,0,0.09,-0.02,-0.01,-0.19,-0.07,-0.04,-0.11, -0.28]
1060,0.092331911,[-0.01,0,0.09,-0.02,-0.01,-0.19,-0.07,-0.04,-0.11, -0.28]
1070,0.092331911,[-0.01,0,0.09,-0.02,-0.01,-0.19,-0.07,-0.04,-0.11, -0.28]
1080,0.092331911,[-0.01,0,0.09,-0.02,-0.01,-0.19,-0.07,-0.04,-0.11, -0.28]
1090,0.092331911,[-0.01,0,0.09,-0.02,-0.01,-0.19,-0.07,-0.04,-0.11, -0.28]
1100,0.092331911,[-0.01,0,0.09,-0.02,-0.01,-0.19,-0.07,-0.04,-0.11, -0.28]
1110,0.092331911,[-0.01,0,0.09,-0.02,-0.01,-0.19,-0.07,-0.04,-0.11, -0.28]
1120,0.092331911,[-0.01,0,0.09,-0.02,-0.01,-0.19,-0.07,-0.04,-0.11, -0.28]
1130,0.092331911,[-0.01,0,0.09,-0.02,-0.01,-0.19,-0.07,-0.04,-0.11, -0.28]
1140,0.092331911,[-0.01,0,0.09,-0.02,-0.01,-0.19,-0.07,-0.04,-0.11, -0.28]
1150,0.092331911,[-0.01,0,0.09,-0.02,-0.01,-0.19,-0.07,-0.04,-0.11, -0.28]
1160,0.092331911,[-0.01,0,0.09,-0.02,-0.01,-0.19,-0.07,-0.04,-0.11, -0.28]
1170,0.092331911,[-0.01,0,0.09,-0.02,-0.01,-0.19,-0.07,-0.04,-0.11, -0.28]
1180,0.092331911,[-0.01,0,0.09,-0.02,-0.01,-0.19,-0.07,-0.04,-0.11, -0.28]
1190,0.092331911,[-0.01,0,0.09,-0.02,-0.01,-0.19,-0.07,-0.04,-0.11, -0.28]
1200,0.092331911,[-0.01,0,0.09,-0.02,-0.01,-0.19,-0.07,-0.04,-0.11, -0.28]
1210,0.092331911,[-0.01,0,0.09,-0.02,-0.01,-0.19,-0.07,-0.04,-0.11, -0.28]
1220,0.092331911,[-0.01,0,0.09,-0.02,-0.01,-0.19,-0.07,-0.04,-0.11, -0.28]
1230,0.092331911,[-0.01,0,0.09,-0.02,-0.01,-0.19,-0.07,-0.04,-0.11, -0.28]
1240,0.092331911,[-0.01,0,0.09,-0.02,-0.01,-0.19,-0.07,-0.04,-0.11, -0.28]
1250,0.092331911,[-0.01,0,0.09,-0.02,-0.01,-0.19,-0.07,-0.04,-0.11, -0.28]
1260,0.092331911,[-0.01,0,0.09,-0.02,-0.01,-0.19,-0.07,-0.04,-0.11, -0.28]
1270,0.092331911,[-0.01,0,0.09,-0.02,-0.01,-0.19,-0.07,-0.04,-0.11, -0.28]
1280,0.092331911,[-0.01,0,0.09,-0.02,-0.01,-0.19,-0.07,-0.04,-0.11, -0.28]
1290,0.092331911,[-0.01,0,0.09,-0.02,-0.01,-0.19,-0.07,-0.04,-0.11, -0.28]
1300,0.092331911,[-0.01,0,0.09,-0.02,-0.01,-0.19,-0.07,-0.04,-0.11, -0.28]
1310,0.092331911,[-0.01,0,0.09,-0.02,-0.01,-0.19,-0.07,-0.04,-0.11, -0.28]
1320,0.092331911,[-0.01,0,0.09,-0.02,-0.01,-0.19,-0.07,-0.04,-0.11, -0.28]
1330,0.092331911,[-0.01,0,0.09,-0.02,-0.01,-0.19,-0.07,-0.04,-0.11, -0.28]
1340,0.090831487,[-0.01,0,0.09,-0.02,-0.01,-0.19,-0.07,-0.01,-0.11, -0.28]
1350,0.090831487,[-0.01,0,0.09,-0.02,-0.01,-0.19,-0.07,-0.01,-0.11, -0.28]
1360,0.090831487,[-0.01,0,0.09,-0.02,-0.01,-0.19,-0.07,-0.01,-0.11, -0.28]
1370,0.070897664,[-0.09,0,0.09,-0.02,-0.01,-0.19,-0.07,-0.01,-0.11, -0.23]
1380,0.070886735,[-0.01,0,0.09,-0.02,-0.01,-0.19,-0.07,-0.01,-0.11, -0.23]
1390,0.070886735,[-0.01,0,0.09,-0.02,-0.01,-0.19,-0.07,-0.01,-0.11, -0.23]
1400,0.070886735,[-0.01,0,0.09,-0.02,-0.01,-0.19,-0.07,-0.01,-0.11, -0.23]
1410,0.070886735,[-0.01,0,0.09,-0.02,-0.01,-0.19,-0.07,-0.01,-0.11, -0.23]
1420,0.070886735,[-0.01,0,0.09,-0.02,-0.01,-0.19,-0.07,-0.01,-0.11, -0.23]
1430,0.070886735,[-0.01,0,0.09,-0.02,-0.01,-0.19,-0.07,-0.01,-0.11, -0.23]
1440,0.070886735,[-0.01,0,0.09,-0.02,-0.01,-0.19,-0.07,-0.01,-0.11, -0.23]
1450,0.070886735,[-0.01,0,0.09,-0.02,-0.01,-0.19,-0.07,-0.01,-0.11, -0.23]
1460,0.070886735,[-0.01,0,0.09,-0.02,-0.01,-0.19,-0.07,-0.01,-0.11, -0.23]
1470,0.070886735,[-0.01,0,0.09,-0.02,-0.01,-0.19,-0.07,-0.01,-0.11, -0.23]
1480,0.070886735,[-0.01,0,0.09,-0.02,-0.01,-0.19,-0.07,-0.01,-0.11, -0.23]
1490,0.070886735,[-0.01,0,0.09,-0.02,-0.01,-0.19,-0.07,-0.01,-0.11, -0.23]
1500,0.070886735,[-0.01,0,0.09,-0.02,-0.01,-0.19,-0.07,-0.01,-0.11, -0.23]
1510,0.070886735,[-0.01,0,0.09,-0.02,-0.01,-0.19,-0.07,-0.01,-0.11, -0.23]
1520,0.070886735,[-0.01,0,0.09,-0.02,-0.01,-0.19,-0.07,-0.01,-0.11, -0.23]
1530,0.070886735,[-0.01,0,0.09,-0.02,-0.01,-0.19,-0.07,-0.01,-0.11, -0.23]
1540,0.070886735,[-0.01,0,0.09,-0.02,-0.01,-0.19,-0.07,-0.01,-0.11, -0.23]
1550,0.070886735,[-0.01,0,0.09,-0.02,-0.01,-0.19,-0.07,-0.01,-0.11, -0.23]
1560,0.070886735,[-0.01,0,0.09,-0.02,-0.01,-0.19,-0.07,-0.01,-0.11, -0.23]
1570,0.070886735,[-0.01,0,0.09,-0.02,-0.01,-0.19,-0.07,-0.01,-0.11, -0.23]
1580,0.070886735,[-0.01,0,0.09,-0.02,-0.01,-0.19,-0.07,-0.01,-0.11, -0.23]
1590,0.070886735,[-0.01,0,0.09,-0.02,-0.01,-0.19,-0.07,-0.01,-0.11, -0.23]
1600,0.070886735,[-0.01,0,0.09,-0.02,-0.01,-0.19,-0.07,-0.01,-0.11, -0.23]
1610,0.070886735,[-0.01,0,0.09,-0.02,-0.01,-0.19,-0.07,-0.01,-0.11, -0.23]
1620,0.070886735,[-0.01,0,0.09,-0.02,-0.01,-0.19,-0.07,-0.01,-0.11, -0.23]
1630,0.070886735,[-0.01,0,0.09,-0.02,-0.01,-0.19,-0.07,-0.01,-0.11, -0.23]
1640,0.070886735,[-0.01,0,0.09,-0.02,-0.01,-0.19,-0.07,-0.01,-0.11, -0.23]
1650,0.070886735,[-0.01,0,0.09,-0.02,-0.01,-0.19,-0.07,-0.01,-0.11, -0.23]
1660,0.070886735,[-0.01,0,0.09,-0.02,-0.01,-0.19,-0.07,-0.01,-0.11, -0.23]
1670,0.070886735,[-0.01,0,0.09,-0.02,-0.01,-0.19,-0.07,-0.01,-0.11, -0.23]
1680,0.070886735,[-0.01,0,0.09,-0.02,-0.01,-0.19,-0.07,-0.01,-0.11, -0.23]
1690,0.070886735,[-0.01,0,0.09,-0.02,-0.01,-0.19,-0.07,-0.01,-0.11, -0.23]
1700,0.070886735,[-0.01,0,0.09,-0.02,-0.01,-0.19,-0.07,-0.01,-0.11, -0.23]
1710,0.070886735,[-0.01,0,0.09,-0.02,-0.01,-0.19,-0.07,-0.01,-0.11, -0.23]
1720,0.070886735,[-0.01,0,0.09,-0.02,-0.01,-0.19,-0.07,-0.01,-0.11, -0.23]
1730,0.070886735,[-0.01,0,0.09,-0.02,-0.01,-0.19,-0.07,-0.01,-0.11, -0.23]
1740,0.070386707,[-0.01,0,0.09,0.01,-0.01,-0.19,-0.07,-0.01,-0.11, -0.23]
1750,0.070386707,[-0.01,0,0.09,0.01,-0.01,-0.19,-0.07,-0.01,-0.11, -0.23]
1760,0.070386707,[-0.01,0,0.09,0.01,-0.01,-0.19,-0.07,-0.01,-0.11, -0.23]
1770,0.070386707,[-0.01,0,0.09,0.01,-0.01,-0.19,-0.07,-0.01,-0.11, -0.23]
1780,0.070386707,[-0.01,0,0.09,0.01,-0.01,-0.19,-0.07,-0.01,-0.11, -0.23]
1790,0.070386707,[-0.01,0,0.09,0.01,-0.01,-0.19,-0.07,-0.01,-0.11, -0.23]
1800,0.070386707,[-0.01,0,0.09,0.01,-0.01,-0.19,-0.07,-0.01,-0.11, -0.23]
1810,0.070386707,[-0.01,0,0.09,0.01,-0.01,-0.19,-0.07,-0.01,-0.11, -0.23]
1820,0.070386707,[-0.01,0,0.09,0.01,-0.01,-0.19,-0.07,-0.01,-0.11, -0.23]
1830,0.070386707,[-0.01,0,0.09,0.01,-0.01,-0.19,-0.07,-0.01,-0.11, -0.23]
1840,0.070386707,[-0.01,0,0.09,0.01,-0.01,-0.19,-0.07,-0.01,-0.11, -0.23]
1850,0.070386707,[-0.01,0,0.09,0.01,-0.01,-0.19,-0.07,-0.01,-0.11, -0.23]
1860,0.070386707,[-0.01,0,0.09,0.01,-0.01,-0.19,-0.07,-0.01,-0.11, -0.23]
1870,0.070386707,[-0.01,0,0.09,0.01,-0.01,-0.19,-0.07,-0.01,-0.11, -0.23]
1880,0.070386707,[-0.01,0,0.09,0.01,-0.01,-0.19,-0.07,-0.01,-0.11, -0.23]
1890,0.070386707,[-0.01,0,0.09,0.01,-0.01,-0.19,-0.07,-0.01,-0.11, -0.23]
1900,0.070386707,[-0.01,0,0.09,0.01,-0.01,-0.19,-0.07,-0.01,-0.11, -0.23]
1910,0.070386707,[-0.01,0,0.09,0.01,-0.01,-0.19,-0.07,-0.01,-0.11, -0.23]
1920,0.070386707,[-0.01,0,0.09,0.01,-0.01,-0.19,-0.07,-0.01,-0.11, -0.23]
1930,0.070386707,[-0.01,0,0.09,0.01,-0.01,-0.19,-0.07,-0.01,-0.11, -0.23]
1940,0.070386707,[-0.01,0,0.09,0.01,-0.01,-0.19,-0.07,-0.01,-0.11, -0.23]
1950,0.070386707,[-0.01,0,0.09,0.01,-0.01,-0.19,-0.07,-0.01,-0.11, -0.23]
1960,0.070386707,[-0.01,0,0.09,0.01,-0.01,-0.19,-0.07,-0.01,-0.11, -0.23]
1970,0.054414448,[-0.01,0,0.09,0.01,-0.01,-0.09,-0.07,-0.01,-0.11, -0.23]
1980,0.054414448,[-0.01,0,0.09,0.01,-0.01,-0.09,-0.07,-0.01,-0.11, -0.23]
1990,0.054414448,[-0.01,0,0.09,0.01,-0.01,-0.09,-0.07,-0.01,-0.11, -0.23]
2000,0.054414448,[-0.01,0,0.09,0.01,-0.01,-0.09,-0.07,-0.01,-0.11, -0.23]
2010,0.054414448,[-0.01,0,0.09,0.01,-0.01,-0.09,-0.07,-0.01,-0.11, -0.23]
2020,0.054414448,[-0.01,0,0.09,0.01,-0.01,-0.09,-0.07,-0.01,-0.11, -0.23]
2030,0.054414448,[-0.01,0,0.09,0.01,-0.01,-0.09,-0.07,-0.01,-0.11, -0.23]
2040,0.054414448,[-0.01,0,0.09,0.01,-0.01,-0.09,-0.07,-0.01,-0.11, -0.23]
2050,0.054414448,[-0.01,0,0.09,0.01,-0.01,-0.09,-0.07,-0.01,-0.11, -0.23]
2060,0.054414448,[-0.01,0,0.09,0.01,-0.01,-0.09,-0.07,-0.01,-0.11, -0.23]
2070,0.054414448,[-0.01,0,0.09,0.01,-0.01,-0.09,-0.07,-0.01,-0.11, -0.23]
2080,0.054414448,[-0.01,0,0.09,0.01,-0.01,-0.09,-0.07,-0.01,-0.11, -0.23]
2090,0.054414448,[-0.01,0,0.09,0.01,-0.01,-0.09,-0.07,-0.01,-0.11, -0.23]
2100,0.054414448,[-0.01,0,0.09,0.01,-0.01,-0.09,-0.07,-0.01,-0.11, -0.23]
2110,0.054414448,[-0.01,0,0.09,0.01,-0.01,-0.09,-0.07,-0.01,-0.11, -0.23]
2120,0.054414448,[-0.01,0,0.09,0.01,-0.01,-0.09,-0.07,-0.01,-0.11, -0.23]
2130,0.054414448,[-0.01,0,0.09,0.01,-0.01,-0.09,-0.07,-0.01,-0.11, -0.23]
2140,0.054414448,[-0.01,0,0.09,0.01,-0.01,-0.09,-0.07,-0.01,-0.11, -0.23]
2150,0.054414448,[-0.01,0,0.09,0.01,-0.01,-0.09,-0.07,-0.01,-0.11, -0.23]
2160,0.054414448,[-0.01,0,0.09,0.01,-0.01,-0.09,-0.07,-0.01,-0.11, -0.23]
2170,0.054414448,[-0.01,0,0.09,0.01,-0.01,-0.09,-0.07,-0.01,-0.11, -0.23]
2180,0.054414448,[-0.01,0,0.09,0.01,-0.01,-0.09,-0.07,-0.01,-0.11, -0.23]
2190,0.054414448,[-0.01,0,0.09,0.01,-0.01,-0.09,-0.07,-0.01,-0.11, -0.23]
2200,0.054414448,[-0.01,0,0.09,0.01,-0.01,-0.09,-0.07,-0.01,-0.11, -0.23]
2210,0.054414448,[-0.01,0,0.09,0.01,-0.01,-0.09,-0.07,-0.01,-0.11, -0.23]
2220,0.054414448,[-0.01,0,0.09,0.01,-0.01,-0.09,-0.07,-0.01,-0.11, -0.23]
2230,0.054414448,[-0.01,0,0.09,0.01,-0.01,-0.09,-0.07,-0.01,-0.11, -0.23]
2240,0.054414448,[-0.01,0,0.09,0.01,-0.01,-0.09,-0.07,-0.01,-0.11, -0.23]
2250,0.054414448,[-0.01,0,0.09,0.01,-0.01,-0.09,-0.07,-0.01,-0.11, -0.23]
2260,0.054414448,[-0.01,0,0.09,0.01,-0.01,-0.09,-0.07,-0.01,-0.11, -0.23]
2270,0.054414448,[-0.01,0,0.09,0.01,-0.01,-0.09,-0.07,-0.01,-0.11, -0.23]
2280,0.054414448,[-0.01,0,0.09,0.01,-0.01,-0.09,-0.07,-0.01,-0.11, -0.23]
2290,0.054414448,[-0.01,0,0.09,0.01,-0.01,-0.09,-0.07,-0.01,-0.11, -0.23]
2300,0.054414448,[-0.01,0,0.09,0.01,-0.01,-0.09,-0.07,-0.01,-0.11, -0.23]
2310,0.054414448,[-0.01,0,0.09,0.01,-0.01,-0.09,-0.07,-0.01,-0.11, -0.23]
2320,0.054414448,[-0.01,0,0.09,0.01,-0.01,-0.09,-0.07,-0.01,-0.11, -0.23]
2330,0.054414448,[-0.01,0,0.09,0.01,-0.01,-0.09,-0.07,-0.01,-0.11, -0.23]
2340,0.054414448,[-0.01,0,0.09,0.01,-0.01,-0.09,-0.07,-0.01,-0.11, -0.23]
2350,0.054414448,[-0.01,0,0.09,0.01,-0.01,-0.09,-0.07,-0.01,-0.11, -0.23]
2360,0.053531104,[-0.09,0,0.09,0.01,-0.01,-0.1,-0.07,-0.01,-0.11, -0.23]
2370,0.053520175,[-0.01,0,0.09,0.01,-0.01,-0.1,-0.07,-0.01,-0.11, -0.23]
2380,0.053520175,[-0.01,0,0.09,0.01,-0.01,-0.1,-0.07,-0.01,-0.11, -0.23]
2390,0.053520175,[-0.01,0,0.09,0.01,-0.01,-0.1,-0.07,-0.01,-0.11, -0.23]
2400,0.05349579,[-0.01,0,0.09,-0.11,-0.01,-0.1,-0.07,-0.01,-0.11, -0.23]
2410,0.05349579,[-0.01,0,0.09,-0.11,-0.01,-0.1,-0.07,-0.01,-0.11, -0.23]
2420,0.05349579,[-0.01,0,0.09,-0.11,-0.01,-0.1,-0.07,-0.01,-0.11, -0.23]
2430,0.05349579,[-0.01,0,0.09,-0.11,-0.01,-0.1,-0.07,-0.01,-0.11, -0.23]
2440,0.05349579,[-0.01,0,0.09,-0.11,-0.01,-0.1,-0.07,-0.01,-0.11, -0.23]
2450,0.05349579,[-0.01,0,0.09,-0.11,-0.01,-0.1,-0.07,-0.01,-0.11, -0.23]
2460,0.05349579,[-0.01,0,0.09,-0.11,-0.01,-0.1,-0.07,-0.01,-0.11, -0.23]
2470,0.05349579,[-0.01,0,0.09,-0.11,-0.01,-0.1,-0.07,-0.01,-0.11, -0.23]
2480,0.05349579,[-0.01,0,0.09,-0.11,-0.01,-0.1,-0.07,-0.01,-0.11, -0.23]
2490,0.05349579,[-0.01,0,0.09,-0.11,-0.01,-0.1,-0.07,-0.01,-0.11, -0.23]
2500,0.05349579,[-0.01,0,0.09,-0.11,-0.01,-0.1,-0.07,-0.01,-0.11, -0.23]
2510,0.05349579,[-0.01,0,0.09,-0.11,-0.01,-0.1,-0.07,-0.01,-0.11, -0.23]
2520,0.05349579,[-0.01,0,0.09,-0.11,-0.01,-0.1,-0.07,-0.01,-0.11, -0.23]
2530,0.05349579,[-0.01,0,0.09,-0.11,-0.01,-0.1,-0.07,-0.01,-0.11, -0.23]
2540,0.05349579,[-0.01,0,0.09,-0.11,-0.01,-0.1,-0.07,-0.01,-0.11, -0.23]
2550,0.05349579,[-0.01,0,0.09,-0.11,-0.01,-0.1,-0.07,-0.01,-0.11, -0.23]
2560,0.05349579,[-0.01,0,0.09,-0.11,-0.01,-0.1,-0.07,-0.01,-0.11, -0.23]
2570,0.05349579,[-0.01,0,0.09,-0.11,-0.01,-0.1,-0.07,-0.01,-0.11, -0.23]
2580,0.05349579,[-0.01,0,0.09,-0.11,-0.01,-0.1,-0.07,-0.01,-0.11, -0.23]
2590,0.05349579,[-0.01,0,0.09,-0.11,-0.01,-0.1,-0.07,-0.01,-0.11, -0.23]
2600,0.05349579,[-0.01,0,0.09,-0.11,-0.01,-0.1,-0.07,-0.01,-0.11, -0.23]
2610,0.05349579,[-0.01,0,0.09,-0.11,-0.01,-0.1,-0.07,-0.01,-0.11, -0.23]
2620,0.05349579,[-0.01,0,0.09,-0.11,-0.01,-0.1,-0.07,-0.01,-0.11, -0.23]
2630,0.05349579,[-0.01,0,0.09,-0.11,-0.01,-0.1,-0.07,-0.01,-0.11, -0.23]
2640,0.05349579,[-0.01,0,0.09,-0.11,-0.01,-0.1,-0.07,-0.01,-0.11, -0.23]
2650,0.05349579,[-0.01,0,0.09,-0.11,-0.01,-0.1,-0.07,-0.01,-0.11, -0.23]
2660,0.05349579,[-0.01,0,0.09,-0.11,-0.01,-0.1,-0.07,-0.01,-0.11, -0.23]
2670,0.05349579,[-0.01,0,0.09,-0.11,-0.01,-0.1,-0.07,-0.01,-0.11, -0.23]
2680,0.05349579,[-0.01,0,0.09,-0.11,-0.01,-0.1,-0.07,-0.01,-0.11, -0.23]
2690,0.05349579,[-0.01,0,0.09,-0.11,-0.01,-0.1,-0.07,-0.01,-0.11, -0.23]
2700,0.027913398,[-0.01,0,0.09,-0.11,-0.01,-0.1,-0.07,-0.01,-0.11, -0.13]
2710,0.027913398,[-0.01,0,0.09,-0.11,-0.01,-0.1,-0.07,-0.01,-0.11, -0.13]
2720,0.027913398,[-0.01,0,0.09,-0.11,-0.01,-0.1,-0.07,-0.01,-0.11, -0.13]
2730,0.027913398,[-0.01,0,0.09,-0.11,-0.01,-0.1,-0.07,-0.01,-0.11, -0.13]
2740,0.027913398,[-0.01,0,0.09,-0.11,-0.01,-0.1,-0.07,-0.01,-0.11, -0.13]
2750,0.027913398,[-0.01,0,0.09,-0.11,-0.01,-0.1,-0.07,-0.01,-0.11, -0.13]
2760,0.027913398,[-0.01,0,0.09,-0.11,-0.01,-0.1,-0.07,-0.01,-0.11, -0.13]
2770,0.027913398,[-0.01,0,0.09,-0.11,-0.01,-0.1,-0.07,-0.01,-0.11, -0.13]
2780,0.027913398,[-0.01,0,0.09,-0.11,-0.01,-0.1,-0.07,-0.01,-0.11, -0.13]
2790,0.027913398,[-0.01,0,0.09,-0.11,-0.01,-0.1,-0.07,-0.01,-0.11, -0.13]
2800,0.027913398,[-0.01,0,0.09,-0.11,-0.01,-0.1,-0.07,-0.01,-0.11, -0.13]
2810,0.027913398,[-0.01,0,0.09,-0.11,-0.01,-0.1,-0.07,-0.01,-0.11, -0.13]
2820,0.027913398,[-0.01,0,0.09,-0.11,-0.01,-0.1,-0.07,-0.01,-0.11, -0.13]
2830,0.027913398,[-0.01,0,0.09,-0.11,-0.01,-0.1,-0.07,-0.01,-0.11, -0.13]
2840,0.027913398,[-0.01,0,0.09,-0.11,-0.01,-0.1,-0.07,-0.01,-0.11, -0.13]
2850,0.027913398,[-0.01,0,0.09,-0.11,-0.01,-0.1,-0.07,-0.01,-0.11, -0.13]
2860,0.027913398,[-0.01,0,0.09,-0.11,-0.01,-0.1,-0.07,-0.01,-0.11, -0.13]
2870,0.027913398,[-0.01,0,0.09,-0.11,-0.01,-0.1,-0.07,-0.01,-0.11, -0.13]
2880,0.027913398,[-0.01,0,0.09,-0.11,-0.01,-0.1,-0.07,-0.01,-0.11, -0.13]
2890,0.027913398,[-0.01,0,0.09,-0.11,-0.01,-0.1,-0.07,-0.01,-0.11, -0.13]
2900,0.027913398,[-0.01,0,0.09,-0.11,-0.01,-0.1,-0.07,-0.01,-0.11, -0.13]
2910,0.027913398,[-0.01,0,0.09,-0.11,-0.01,-0.1,-0.07,-0.01,-0.11, -0.13]
2920,0.027913398,[-0.01,0,0.09,-0.11,-0.01,-0.1,-0.07,-0.01,-0.11, -0.13]
2930,0.027913398,[-0.01,0,0.09,-0.11,-0.01,-0.1,-0.07,-0.01,-0.11, -0.13]
2940,0.027913398,[-0.01,0,0.09,-0.11,-0.01,-0.1,-0.07,-0.01,-0.11, -0.13]
2950,0.027913398,[-0.01,0,0.09,-0.11,-0.01,-0.1,-0.07,-0.01,-0.11, -0.13]
2960,0.027913398,[-0.01,0,0.09,-0.11,-0.01,-0.1,-0.07,-0.01,-0.11, -0.13]
2970,0.027913398,[-0.01,0,0.09,-0.11,-0.01,-0.1,-0.07,-0.01,-0.11, -0.13]
2980,0.027913398,[-0.01,0,0.09,-0.11,-0.01,-0.1,-0.07,-0.01,-0.11, -0.13]
2990,0.027913398,[-0.01,0,0.09,-0.11,-0.01,-0.1,-0.07,-0.01,-0.11, -0.13]
3000,0.027913398,[-0.01,0,0.09,-0.11,-0.01,-0.1,-0.07,-0.01,-0.11, -0.13]
3010,0.027913398,[-0.01,0,0.09,-0.11,-0.01,-0.1,-0.07,-0.01,-0.11, -0.13]
3020,0.027913398,[-0.01,0,0.09,-0.11,-0.01,-0.1,-0.07,-0.01,-0.11, -0.13]
3030,0.027913398,[-0.01,0,0.09,-0.11,-0.01,-0.1,-0.07,-0.01,-0.11, -0.13]
3040,0.027913398,[-0.01,0,0.09,-0.11,-0.01,-0.1,-0.07,-0.01,-0.11, -0.13]
3050,0.027913398,[-0.01,0,0.09,-0.11,-0.01,-0.1,-0.07,-0.01,-0.11, -0.13]
3060,0.027913398,[-0.01,0,0.09,-0.11,-0.01,-0.1,-0.07,-0.01,-0.11, -0.13]
3070,0.027913398,[-0.01,0,0.09,-0.11,-0.01,-0.1,-0.07,-0.01,-0.11, -0.13]
3080,0.027913398,[-0.01,0,0.09,-0.11,-0.01,-0.1,-0.07,-0.01,-0.11, -0.13]
3090,0.027913398,[-0.01,0,0.09,-0.11,-0.01,-0.1,-0.07,-0.01,-0.11, -0.13]
3100,0.012935393,[-0.09,0,-0.03,-0.11,-0.01,-0.1,-0.07,-0.01,-0.11, -0.13]
3110,0.012935393,[-0.09,0,-0.03,-0.11,-0.01,-0.1,-0.07,-0.01,-0.11, -0.13]
3120,0.012924464,[-0.01,0,-0.03,-0.11,-0.01,-0.1,-0.07,-0.01,-0.11, -0.13]
3130,0.012924464,[-0.01,0,-0.03,-0.11,-0.01,-0.1,-0.07,-0.01,-0.11, -0.13]
3140,0.012924464,[-0.01,0,-0.03,-0.11,-0.01,-0.1,-0.07,-0.01,-0.11, -0.13]
3150,0.012924464,[-0.01,0,-0.03,-0.11,-0.01,-0.1,-0.07,-0.01,-0.11, -0.13]
3160,0.012924464,[-0.01,0,-0.03,-0.11,-0.01,-0.1,-0.07,-0.01,-0.11, -0.13]
3170,0.012924464,[-0.01,0,-0.03,-0.11,-0.01,-0.1,-0.07,-0.01,-0.11, -0.13]
3180,0.012924464,[-0.01,0,-0.03,-0.11,-0.01,-0.1,-0.07,-0.01,-0.11, -0.13]
3190,0.012924464,[-0.01,0,-0.03,-0.11,-0.01,-0.1,-0.07,-0.01,-0.11, -0.13]
3200,0.012924464,[-0.01,0,-0.03,-0.11,-0.01,-0.1,-0.07,-0.01,-0.11, -0.13]
3210,0.012924464,[-0.01,0,-0.03,-0.11,-0.01,-0.1,-0.07,-0.01,-0.11, -0.13]
3220,0.012924464,[-0.01,0,-0.03,-0.11,-0.01,-0.1,-0.07,-0.01,-0.11, -0.13]
3230,0.012924464,[-0.01,0,-0.03,-0.11,-0.01,-0.1,-0.07,-0.01,-0.11, -0.13]
3240,0.012924464,[-0.01,0,-0.03,-0.11,-0.01,-0.1,-0.07,-0.01,-0.11, -0.13]
3250,0.012924464,[-0.01,0,-0.03,-0.11,-0.01,-0.1,-0.07,-0.01,-0.11, -0.13]
3260,0.012924464,[-0.01,0,-0.03,-0.11,-0.01,-0.1,-0.07,-0.01,-0.11, -0.13]
3270,0.012924464,[-0.01,0,-0.03,-0.11,-0.01,-0.1,-0.07,-0.01,-0.11, -0.13]
3280,0.012924464,[-0.01,0,-0.03,-0.11,-0.01,-0.1,-0.07,-0.01,-0.11, -0.13]
3290,0.012924464,[-0.01,0,-0.03,-0.11,-0.01,-0.1,-0.07,-0.01,-0.11, -0.13]
3300,0.012924464,[-0.01,0,-0.03,-0.11,-0.01,-0.1,-0.07,-0.01,-0.11, -0.13]
3310,0.012924464,[-0.01,0,-0.03,-0.11,-0.01,-0.1,-0.07,-0.01,-0.11, -0.13]
3320,0.012924464,[-0.01,0,-0.03,-0.11,-0.01,-0.1,-0.07,-0.01,-0.11, -0.13]
3330,0.012924464,[-0.01,0,-0.03,-0.11,-0.01,-0.1,-0.07,-0.01,-0.11, -0.13]
3340,0.012924464,[-0.01,0,-0.03,-0.11,-0.01,-0.1,-0.07,-0.01,-0.11, -0.13]
3350,0.012924464,[-0.01,0,-0.03,-0.11,-0.01,-0.1,-0.07,-0.01,-0.11, -0.13]
3360,0.012924464,[-0.01,0,-0.03,-0.11,-0.01,-0.1,-0.07,-0.01,-0.11, -0.13]
3370,0.012924464,[-0.01,0,-0.03,-0.11,-0.01,-0.1,-0.07,-0.01,-0.11, -0.13]
3380,0.012924464,[-0.01,0,-0.03,-0.11,-0.01,-0.1,-0.07,-0.01,-0.11, -0.13]
3390,0.012924464,[-0.01,0,-0.03,-0.11,-0.01,-0.1,-0.07,-0.01,-0.11, -0.13]
3400,0.012924464,[-0.01,0,-0.03,-0.11,-0.01,-0.1,-0.07,-0.01,-0.11, -0.13]
3410,0.012924464,[-0.01,0,-0.03,-0.11,-0.01,-0.1,-0.07,-0.01,-0.11, -0.13]
3420,0.012924464,[-0.01,0,-0.03,-0.11,-0.01,-0.1,-0.07,-0.01,-0.11, -0.13]
3430,0.012924464,[-0.01,0,-0.03,-0.11,-0.01,-0.1,-0.07,-0.01,-0.11, -0.13]
3440,0.012924464,[-0.01,0,-0.03,-0.11,-0.01,-0.1,-0.07,-0.01,-0.11, -0.13]
3450,0.012924464,[-0.01,0,-0.03,-0.11,-0.01,-0.1,-0.07,-0.01,-0.11, -0.13]
3460,0.012924464,[-0.01,0,-0.03,-0.11,-0.01,-0.1,-0.07,-0.01,-0.11, -0.13]
3470,0.012924464,[-0.01,0,-0.03,-0.11,-0.01,-0.1,-0.07,-0.01,-0.11, -0.13]
3480,0.012924464,[-0.01,0,-0.03,-0.11,-0.01,-0.1,-0.07,-0.01,-0.11, -0.13]
3490,0.010831392,[-0.09,0,-0.03,-0.11,-0.01,-0.1,0,-0.01,-0.11, -0.13]
3500,0.010820463,[-0.01,0,-0.03,-0.11,-0.01,-0.1,0,-0.01,-0.11, -0.13]
3510,0.010820463,[-0.01,0,-0.03,-0.11,-0.01,-0.1,0,-0.01,-0.11, -0.13]
3520,0.010820463,[-0.01,0,-0.03,-0.11,-0.01,-0.1,0,-0.01,-0.11, -0.13]
3530,0.010820463,[-0.01,0,-0.03,-0.11,-0.01,-0.1,0,-0.01,-0.11, -0.13]
3540,0.010820463,[-0.01,0,-0.03,-0.11,-0.01,-0.1,0,-0.01,-0.11, -0.13]
3550,0.010820463,[-0.01,0,-0.03,-0.11,-0.01,-0.1,0,-0.01,-0.11, -0.13]
3560,0.010820463,[-0.01,0,-0.03,-0.11,-0.01,-0.1,0,-0.01,-0.11, -0.13]
3570,0.010820463,[-0.01,0,-0.03,-0.11,-0.01,-0.1,0,-0.01,-0.11, -0.13]
3580,0.010820463,[-0.01,0,-0.03,-0.11,-0.01,-0.1,0,-0.01,-0.11, -0.13]
3590,0.010820463,[-0.01,0,-0.03,-0.11,-0.01,-0.1,0,-0.01,-0.11, -0.13]
3600,0.010820463,[-0.01,0,-0.03,-0.11,-0.01,-0.1,0,-0.01,-0.11, -0.13]
3610,0.010820463,[-0.01,0,-0.03,-0.11,-0.01,-0.1,0,-0.01,-0.11, -0.13]
3620,0.010820463,[-0.01,0,-0.03,-0.11,-0.01,-0.1,0,-0.01,-0.11, -0.13]
3630,0.010820463,[-0.01,0,-0.03,-0.11,-0.01,-0.1,0,-0.01,-0.11, -0.13]
3640,0.010820463,[-0.01,0,-0.03,-0.11,-0.01,-0.1,0,-0.01,-0.11, -0.13]
3650,0.010820463,[-0.01,0,-0.03,-0.11,-0.01,-0.1,0,-0.01,-0.11, -0.13]
3660,0.010820463,[-0.01,0,-0.03,-0.11,-0.01,-0.1,0,-0.01,-0.11, -0.13]
3670,0.010820463,[-0.01,0,-0.03,-0.11,-0.01,-0.1,0,-0.01,-0.11, -0.13]
3680,0.010820463,[-0.01,0,-0.03,-0.11,-0.01,-0.1,0,-0.01,-0.11, -0.13]
3690,0.010820463,[-0.01,0,-0.03,-0.11,-0.01,-0.1,0,-0.01,-0.11, -0.13]
3700,0.010820463,[-0.01,0,-0.03,-0.11,-0.01,-0.1,0,-0.01,-0.11, -0.13]
3710,0.010820463,[-0.01,0,-0.03,-0.11,-0.01,-0.1,0,-0.01,-0.11, -0.13]
3720,0.010820463,[-0.01,0,-0.03,-0.11,-0.01,-0.1,0,-0.01,-0.11, -0.13]
3730,0.010820463,[-0.01,0,-0.03,-0.11,-0.01,-0.1,0,-0.01,-0.11, -0.13]
3740,0.010820463,[-0.01,0,-0.03,-0.11,-0.01,-0.1,0,-0.01,-0.11, -0.13]
3750,0.010820463,[-0.01,0,-0.03,-0.11,-0.01,-0.1,0,-0.01,-0.11, -0.13]
3760,0.010820463,[-0.01,0,-0.03,-0.11,-0.01,-0.1,0,-0.01,-0.11, -0.13]
3770,0.010820463,[-0.01,0,-0.03,-0.11,-0.01,-0.1,0,-0.01,-0.11, -0.13]
3780,0.010820463,[-0.01,0,-0.03,-0.11,-0.01,-0.1,0,-0.01,-0.11, -0.13]
3790,0.010820463,[-0.01,0,-0.03,-0.11,-0.01,-0.1,0,-0.01,-0.11, -0.13]
3800,0.010820463,[-0.01,0,-0.03,-0.11,-0.01,-0.1,0,-0.01,-0.11, -0.13]
3810,0.010820463,[-0.01,0,-0.03,-0.11,-0.01,-0.1,0,-0.01,-0.11, -0.13]
3820,0.010820463,[-0.01,0,-0.03,-0.11,-0.01,-0.1,0,-0.01,-0.11, -0.13]
3830,0.010820463,[-0.01,0,-0.03,-0.11,-0.01,-0.1,0,-0.01,-0.11, -0.13]
3840,0.010820463,[-0.01,0,-0.03,-0.11,-0.01,-0.1,0,-0.01,-0.11, -0.13]
3850,0.010820463,[-0.01,0,-0.03,-0.11,-0.01,-0.1,0,-0.01,-0.11, -0.13]
3860,0.010820463,[-0.01,0,-0.03,-0.11,-0.01,-0.1,0,-0.01,-0.11, -0.13]
3870,0.010820463,[-0.01,0,-0.03,-0.11,-0.01,-0.1,0,-0.01,-0.11, -0.13]
3880,0.010820463,[-0.01,0,-0.03,-0.11,-0.01,-0.1,0,-0.01,-0.11, -0.13]
3890,0.010820463,[-0.01,0,-0.03,-0.11,-0.01,-0.1,0,-0.01,-0.11, -0.13]
3900,0.010820463,[-0.01,0,-0.03,-0.11,-0.01,-0.1,0,-0.01,-0.11, -0.13]
3910,0.010820463,[-0.01,0,-0.03,-0.11,-0.01,-0.1,0,-0.01,-0.11, -0.13]
3920,0.010820463,[-0.01,0,-0.03,-0.11,-0.01,-0.1,0,-0.01,-0.11, -0.13]
3930,0.010820463,[-0.01,0,-0.03,-0.11,-0.01,-0.1,0,-0.01,-0.11, -0.13]
3940,0.010820463,[-0.01,0,-0.03,-0.11,-0.01,-0.1,0,-0.01,-0.11, -0.13]
3950,0.010820463,[-0.01,0,-0.03,-0.11,-0.01,-0.1,0,-0.01,-0.11, -0.13]
3960,0.010820463,[-0.01,0,-0.03,-0.11,-0.01,-0.1,0,-0.01,-0.11, -0.13]
3970,0.010820463,[-0.01,0,-0.03,-0.11,-0.01,-0.1,0,-0.01,-0.11, -0.13]
3980,0.010820463,[-0.01,0,-0.03,-0.11,-0.01,-0.1,0,-0.01,-0.11, -0.13]
3990,0.010820463,[-0.01,0,-0.03,-0.11,-0.01,-0.1,0,-0.01,-0.11, -0.13]
4000,0.010820463,[-0.01,0,-0.03,-0.11,-0.01,-0.1,0,-0.01,-0.11, -0.13]
4010,0.010820463,[-0.01,0,-0.03,-0.11,-0.01,-0.1,0,-0.01,-0.11, -0.13]
4020,0.010820463,[-0.01,0,-0.03,-0.11,-0.01,-0.1,0,-0.01,-0.11, -0.13]
4030,0.010820463,[-0.01,0,-0.03,-0.11,-0.01,-0.1,0,-0.01,-0.11, -0.13]
4040,0.010820463,[-0.01,0,-0.03,-0.11,-0.01,-0.1,0,-0.01,-0.11, -0.13]
4050,0.010820463,[-0.01,0,-0.03,-0.11,-0.01,-0.1,0,-0.01,-0.11, -0.13]
4060,0.010820463,[-0.01,0,-0.03,-0.11,-0.01,-0.1,0,-0.01,-0.11, -0.13]
4070,0.010820463,[-0.01,0,-0.03,-0.11,-0.01,-0.1,0,-0.01,-0.11, -0.13]
4080,0.010820463,[-0.01,0,-0.03,-0.11,-0.01,-0.1,0,-0.01,-0.11, -0.13]
4090,0.010820463,[-0.01,0,-0.03,-0.11,-0.01,-0.1,0,-0.01,-0.11, -0.13]
4100,0.010820463,[-0.01,0,-0.03,-0.11,-0.01,-0.1,0,-0.01,-0.11, -0.13]
4110,0.010820463,[-0.01,0,-0.03,-0.11,-0.01,-0.1,0,-0.01,-0.11, -0.13]
4120,0.010820463,[-0.01,0,-0.03,-0.11,-0.01,-0.1,0,-0.01,-0.11, -0.13]
4130,0.010820463,[-0.01,0,-0.03,-0.11,-0.01,-0.1,0,-0.01,-0.11, -0.13]
4140,0.010820463,[-0.01,0,-0.03,-0.11,-0.01,-0.1,0,-0.01,-0.11, -0.13]
4150,0.010820463,[-0.01,0,-0.03,-0.11,-0.01,-0.1,0,-0.01,-0.11, -0.13]
4160,0.010820463,[-0.01,0,-0.03,-0.11,-0.01,-0.1,0,-0.01,-0.11, -0.13]
4170,0.010820463,[-0.01,0,-0.03,-0.11,-0.01,-0.1,0,-0.01,-0.11, -0.13]
4180,0.010820463,[-0.01,0,-0.03,-0.11,-0.01,-0.1,0,-0.01,-0.11, -0.13]
4190,0.010820463,[-0.01,0,-0.03,-0.11,-0.01,-0.1,0,-0.01,-0.11, -0.13]
4200,0.010820463,[-0.01,0,-0.03,-0.11,-0.01,-0.1,0,-0.01,-0.11, -0.13]
4210,0.010820463,[-0.01,0,-0.03,-0.11,-0.01,-0.1,0,-0.01,-0.11, -0.13]
4220,0.010820463,[-0.01,0,-0.03,-0.11,-0.01,-0.1,0,-0.01,-0.11, -0.13]
4230,0.010820463,[-0.01,0,-0.03,-0.11,-0.01,-0.1,0,-0.01,-0.11, -0.13]
4240,0.010820463,[-0.01,0,-0.03,-0.11,-0.01,-0.1,0,-0.01,-0.11, -0.13]
4250,0.010820463,[-0.01,0,-0.03,-0.11,-0.01,-0.1,0,-0.01,-0.11, -0.13]
4260,0.010820463,[-0.01,0,-0.03,-0.11,-0.01,-0.1,0,-0.01,-0.11, -0.13]
4270,0.010820463,[-0.01,0,-0.03,-0.11,-0.01,-0.1,0,-0.01,-0.11, -0.13]
4280,0.010820463,[-0.01,0,-0.03,-0.11,-0.01,-0.1,0,-0.01,-0.11, -0.13]
4290,0.010820463,[-0.01,0,-0.03,-0.11,-0.01,-0.1,0,-0.01,-0.11, -0.13]
4300,0.010820463,[-0.01,0,-0.03,-0.11,-0.01,-0.1,0,-0.01,-0.11, -0.13]
4310,0.010820463,[-0.01,0,-0.03,-0.11,-0.01,-0.1,0,-0.01,-0.11, -0.13]
4320,0.010820463,[-0.01,0,-0.03,-0.11,-0.01,-0.1,0,-0.01,-0.11, -0.13]
4330,0.010820463,[-0.01,0,-0.03,-0.11,-0.01,-0.1,0,-0.01,-0.11, -0.13]
4340,0.010820463,[-0.01,0,-0.03,-0.11,-0.01,-0.1,0,-0.01,-0.11, -0.13]
4350,0.010820463,[-0.01,0,-0.03,-0.11,-0.01,-0.1,0,-0.01,-0.11, -0.13]
4360,0.010820463,[-0.01,0,-0.03,-0.11,-0.01,-0.1,0,-0.01,-0.11, -0.13]
4370,0.010820463,[-0.01,0,-0.03,-0.11,-0.01,-0.1,0,-0.01,-0.11, -0.13]
4380,0.010820463,[-0.01,0,-0.03,-0.11,-0.01,-0.1,0,-0.01,-0.11, -0.13]
4390,0.010820463,[-0.01,0,-0.03,-0.11,-0.01,-0.1,0,-0.01,-0.11, -0.13]
4400,0.010820463,[-0.01,0,-0.03,-0.11,-0.01,-0.1,0,-0.01,-0.11, -0.13]
4410,0.010820463,[-0.01,0,-0.03,-0.11,-0.01,-0.1,0,-0.01,-0.11, -0.13]
4420,0.010820463,[-0.01,0,-0.03,-0.11,-0.01,-0.1,0,-0.01,-0.11, -0.13]
4430,0.010820463,[-0.01,0,-0.03,-0.11,-0.01,-0.1,0,-0.01,-0.11, -0.13]
4440,0.010820463,[-0.01,0,-0.03,-0.11,-0.01,-0.1,0,-0.01,-0.11, -0.13]
4450,0.010820463,[-0.01,0,-0.03,-0.11,-0.01,-0.1,0,-0.01,-0.11, -0.13]
4460,0.010820463,[-0.01,0,-0.03,-0.11,-0.01,-0.1,0,-0.01,-0.11, -0.13]
4470,0.010820463,[-0.01,0,-0.03,-0.11,-0.01,-0.1,0,-0.01,-0.11, -0.13]
4480,0.010820463,[-0.01,0,-0.03,-0.11,-0.01,-0.1,0,-0.01,-0.11, -0.13]
4490,0.010820463,[-0.01,0,-0.03,-0.11,-0.01,-0.1,0,-0.01,-0.11, -0.13]
4500,0.010820463,[-0.01,0,-0.03,-0.11,-0.01,-0.1,0,-0.01,-0.11, -0.13]
4510,0.010820463,[-0.01,0,-0.03,-0.11,-0.01,-0.1,0,-0.01,-0.11, -0.13]
4520,0.010820463,[-0.01,0,-0.03,-0.11,-0.01,-0.1,0,-0.01,-0.11, -0.13]
4530,0.010820463,[-0.01,0,-0.03,-0.11,-0.01,-0.1,0,-0.01,-0.11, -0.13]
4540,0.010820463,[-0.01,0,-0.03,-0.11,-0.01,-0.1,0,-0.01,-0.11, -0.13]
4550,0.010820463,[-0.01,0,-0.03,-0.11,-0.01,-0.1,0,-0.01,-0.11, -0.13]
4560,0.010820463,[-0.01,0,-0.03,-0.11,-0.01,-0.1,0,-0.01,-0.11, -0.13]
4570,0.010820463,[-0.01,0,-0.03,-0.11,-0.01,-0.1,0,-0.01,-0.11, -0.13]
4580,0.010820463,[-0.01,0,-0.03,-0.11,-0.01,-0.1,0,-0.01,-0.11, -0.13]
4590,0.010820463,[-0.01,0,-0.03,-0.11,-0.01,-0.1,0,-0.01,-0.11, -0.13]
4600,0.010820463,[-0.01,0,-0.03,-0.11,-0.01,-0.1,0,-0.01,-0.11, -0.13]
4610,0.010820463,[-0.01,0,-0.03,-0.11,-0.01,-0.1,0,-0.01,-0.11, -0.13]
4620,0.010820463,[-0.01,0,-0.03,-0.11,-0.01,-0.1,0,-0.01,-0.11, -0.13]
4630,0.010820463,[-0.01,0,-0.03,-0.11,-0.01,-0.1,0,-0.01,-0.11, -0.13]
4640,0.010820463,[-0.01,0,-0.03,-0.11,-0.01,-0.1,0,-0.01,-0.11, -0.13]
4650,0.010820463,[-0.01,0,-0.03,-0.11,-0.01,-0.1,0,-0.01,-0.11, -0.13]
4660,0.010820463,[-0.01,0,-0.03,-0.11,-0.01,-0.1,0,-0.01,-0.11, -0.13]
4670,0.010820463,[-0.01,0,-0.03,-0.11,-0.01,-0.1,0,-0.01,-0.11, -0.13]
4680,0.010820463,[-0.01,0,-0.03,-0.11,-0.01,-0.1,0,-0.01,-0.11, -0.13]
4690,0.010820463,[-0.01,0,-0.03,-0.11,-0.01,-0.1,0,-0.01,-0.11, -0.13]
4700,0.010820463,[-0.01,0,-0.03,-0.11,-0.01,-0.1,0,-0.01,-0.11, -0.13]
4710,0.010820463,[-0.01,0,-0.03,-0.11,-0.01,-0.1,0,-0.01,-0.11, -0.13]
4720,0.010820463,[-0.01,0,-0.03,-0.11,-0.01,-0.1,0,-0.01,-0.11, -0.13]
4730,0.010820463,[-0.01,0,-0.03,-0.11,-0.01,-0.1,0,-0.01,-0.11, -0.13]
4740,0.010820463,[-0.01,0,-0.03,-0.11,-0.01,-0.1,0,-0.01,-0.11, -0.13]
4750,0.010820463,[-0.01,0,-0.03,-0.11,-0.01,-0.1,0,-0.01,-0.11, -0.13]
4760,0.010820463,[-0.01,0,-0.03,-0.11,-0.01,-0.1,0,-0.01,-0.11, -0.13]
4770,0.010820463,[-0.01,0,-0.03,-0.11,-0.01,-0.1,0,-0.01,-0.11, -0.13]
4780,0.010820463,[-0.01,0,-0.03,-0.11,-0.01,-0.1,0,-0.01,-0.11, -0.13]
4790,0.010820463,[-0.01,0,-0.03,-0.11,-0.01,-0.1,0,-0.01,-0.11, -0.13]
4800,0.010820463,[-0.01,0,-0.03,-0.11,-0.01,-0.1,0,-0.01,-0.11, -0.13]
4810,0.010820463,[-0.01,0,-0.03,-0.11,-0.01,-0.1,0,-0.01,-0.11, -0.13]
4820,0.010820463,[-0.01,0,-0.03,-0.11,-0.01,-0.1,0,-0.01,-0.11, -0.13]
4830,0.010820463,[-0.01,0,-0.03,-0.11,-0.01,-0.1,0,-0.01,-0.11, -0.13]
4840,0.010820463,[-0.01,0,-0.03,-0.11,-0.01,-0.1,0,-0.01,-0.11, -0.13]
4850,0.010820463,[-0.01,0,-0.03,-0.11,-0.01,-0.1,0,-0.01,-0.11, -0.13]
4860,0.010820463,[-0.01,0,-0.03,-0.11,-0.01,-0.1,0,-0.01,-0.11, -0.13]
4870,0.010820463,[-0.01,0,-0.03,-0.11,-0.01,-0.1,0,-0.01,-0.11, -0.13]
4880,0.010820463,[-0.01,0,-0.03,-0.11,-0.01,-0.1,0,-0.01,-0.11, -0.13]
4890,0.010820463,[-0.01,0,-0.03,-0.11,-0.01,-0.1,0,-0.01,-0.11, -0.13]
4900,0.010820463,[-0.01,0,-0.03,-0.11,-0.01,-0.1,0,-0.01,-0.11, -0.13]
4910,0.010820463,[-0.01,0,-0.03,-0.11,-0.01,-0.1,0,-0.01,-0.11, -0.13]
4920,0.010820463,[-0.01,0,-0.03,-0.11,-0.01,-0.1,0,-0.01,-0.11, -0.13]
4930,0.010820463,[-0.01,0,-0.03,-0.11,-0.01,-0.1,0,-0.01,-0.11, -0.13]
4940,0.010820463,[-0.01,0,-0.03,-0.11,-0.01,-0.1,0,-0.01,-0.11, -0.13]
4950,0.010820463,[-0.01,0,-0.03,-0.11,-0.01,-0.1,0,-0.01,-0.11, -0.13]
4960,0.010820463,[-0.01,0,-0.03,-0.11,-0.01,-0.1,0,-0.01,-0.11, -0.13]
4970,0.010820463,[-0.01,0,-0.03,-0.11,-0.01,-0.1,0,-0.01,-0.11, -0.13]
4980,0.010820463,[-0.01,0,-0.03,-0.11,-0.01,-0.1,0,-0.01,-0.11, -0.13]
4990,0.010820463,[-0.01,0,-0.03,-0.11,-0.01,-0.1,0,-0.01,-0.11, -0.13]
5000,0.010820463,[-0.01,0,-0.03,-0.11,-0.01,-0.1,0,-0.01,-0.11, -0.13]
5010,0.010820463,[-0.01,0,-0.03,-0.11,-0.01,-0.1,0,-0.01,-0.11, -0.13]
5020,0.010820463,[-0.01,0,-0.03,-0.11,-0.01,-0.1,0,-0.01,-0.11, -0.13]
5030,0.010820463,[-0.01,0,-0.03,-0.11,-0.01,-0.1,0,-0.01,-0.11, -0.13]
5040,0.010820463,[-0.01,0,-0.03,-0.11,-0.01,-0.1,0,-0.01,-0.11, -0.13]
5050,0.010820463,[-0.01,0,-0.03,-0.11,-0.01,-0.1,0,-0.01,-0.11, -0.13]
5060,0.010820463,[-0.01,0,-0.03,-0.11,-0.01,-0.1,0,-0.01,-0.11, -0.13]
5070,0.010820463,[-0.01,0,-0.03,-0.11,-0.01,-0.1,0,-0.01,-0.11, -0.13]
5080,0.010820463,[-0.01,0,-0.03,-0.11,-0.01,-0.1,0,-0.01,-0.11, -0.13]
5090,0.010820463,[-0.01,0,-0.03,-0.11,-0.01,-0.1,0,-0.01,-0.11, -0.13]
5100,0.010820463,[-0.01,0,-0.03,-0.11,-0.01,-0.1,0,-0.01,-0.11, -0.13]
5110,0.010820463,[-0.01,0,-0.03,-0.11,-0.01,-0.1,0,-0.01,-0.11, -0.13]
5120,0.010820463,[-0.01,0,-0.03,-0.11,-0.01,-0.1,0,-0.01,-0.11, -0.13]
5130,0.010820463,[-0.01,0,-0.03,-0.11,-0.01,-0.1,0,-0.01,-0.11, -0.13]
5140,0.010820463,[-0.01,0,-0.03,-0.11,-0.01,-0.1,0,-0.01,-0.11, -0.13]
5150,0.010820463,[-0.01,0,-0.03,-0.11,-0.01,-0.1,0,-0.01,-0.11, -0.13]
5160,0.010820463,[-0.01,0,-0.03,-0.11,-0.01,-0.1,0,-0.01,-0.11, -0.13]
5170,0.010820463,[-0.01,0,-0.03,-0.11,-0.01,-0.1,0,-0.01,-0.11, -0.13]
5180,0.010820463,[-0.01,0,-0.03,-0.11,-0.01,-0.1,0,-0.01,-0.11, -0.13]
5190,0.010820463,[-0.01,0,-0.03,-0.11,-0.01,-0.1,0,-0.01,-0.11, -0.13]
5200,0.010820463,[-0.01,0,-0.03,-0.11,-0.01,-0.1,0,-0.01,-0.11, -0.13]
5210,0.010820463,[-0.01,0,-0.03,-0.11,-0.01,-0.1,0,-0.01,-0.11, -0.13]
5220,0.010820463,[-0.01,0,-0.03,-0.11,-0.01,-0.1,0,-0.01,-0.11, -0.13]
5230,0.010820463,[-0.01,0,-0.03,-0.11,-0.01,-0.1,0,-0.01,-0.11, -0.13]
5240,0.010820463,[-0.01,0,-0.03,-0.11,-0.01,-0.1,0,-0.01,-0.11, -0.13]
5250,0.010820463,[-0.01,0,-0.03,-0.11,-0.01,-0.1,0,-0.01,-0.11, -0.13]
5260,0.010820463,[-0.01,0,-0.03,-0.11,-0.01,-0.1,0,-0.01,-0.11, -0.13]
5270,0.010820463,[-0.01,0,-0.03,-0.11,-0.01,-0.1,0,-0.01,-0.11, -0.13]
5280,0.010820463,[-0.01,0,-0.03,-0.11,-0.01,-0.1,0,-0.01,-0.11, -0.13]
5290,0.010820463,[-0.01,0,-0.03,-0.11,-0.01,-0.1,0,-0.01,-0.11, -0.13]
5300,0.010820463,[-0.01,0,-0.03,-0.11,-0.01,-0.1,0,-0.01,-0.11, -0.13]
5310,0.010820463,[-0.01,0,-0.03,-0.11,-0.01,-0.1,0,-0.01,-0.11, -0.13]
5320,0.010820463,[-0.01,0,-0.03,-0.11,-0.01,-0.1,0,-0.01,-0.11, -0.13]
5330,0.010820463,[-0.01,0,-0.03,-0.11,-0.01,-0.1,0,-0.01,-0.11, -0.13]
5340,0.010820463,[-0.01,0,-0.03,-0.11,-0.01,-0.1,0,-0.01,-0.11, -0.13]
5350,0.010820463,[-0.01,0,-0.03,-0.11,-0.01,-0.1,0,-0.01,-0.11, -0.13]
5360,0.010820463,[-0.01,0,-0.03,-0.11,-0.01,-0.1,0,-0.01,-0.11, -0.13]
5370,0.010820463,[-0.01,0,-0.03,-0.11,-0.01,-0.1,0,-0.01,-0.11, -0.13]
5380,0.010820463,[-0.01,0,-0.03,-0.11,-0.01,-0.1,0,-0.01,-0.11, -0.13]
5390,0.010820463,[-0.01,0,-0.03,-0.11,-0.01,-0.1,0,-0.01,-0.11, -0.13]
5400,0.010820463,[-0.01,0,-0.03,-0.11,-0.01,-0.1,0,-0.01,-0.11, -0.13]
5410,0.010820463,[-0.01,0,-0.03,-0.11,-0.01,-0.1,0,-0.01,-0.11, -0.13]
5420,0.010820463,[-0.01,0,-0.03,-0.11,-0.01,-0.1,0,-0.01,-0.11, -0.13]
5430,0.010820463,[-0.01,0,-0.03,-0.11,-0.01,-0.1,0,-0.01,-0.11, -0.13]
5440,0.010820463,[-0.01,0,-0.03,-0.11,-0.01,-0.1,0,-0.01,-0.11, -0.13]
5450,0.010820463,[-0.01,0,-0.03,-0.11,-0.01,-0.1,0,-0.01,-0.11, -0.13]
5460,0.010820463,[-0.01,0,-0.03,-0.11,-0.01,-0.1,0,-0.01,-0.11, -0.13]
5470,0.010820463,[-0.01,0,-0.03,-0.11,-0.01,-0.1,0,-0.01,-0.11, -0.13]
5480,0.010820463,[-0.01,0,-0.03,-0.11,-0.01,-0.1,0,-0.01,-0.11, -0.13]
5490,0.010820463,[-0.01,0,-0.03,-0.11,-0.01,-0.1,0,-0.01,-0.11, -0.13]
5500,0.010820463,[-0.01,0,-0.03,-0.11,-0.01,-0.1,0,-0.01,-0.11, -0.13]
5510,0.010820463,[-0.01,0,-0.03,-0.11,-0.01,-0.1,0,-0.01,-0.11, -0.13]
5520,0.010820463,[-0.01,0,-0.03,-0.11,-0.01,-0.1,0,-0.01,-0.11, -0.13]
5530,0.010820463,[-0.01,0,-0.03,-0.11,-0.01,-0.1,0,-0.01,-0.11, -0.13]
5540,0.010820463,[-0.01,0,-0.03,-0.11,-0.01,-0.1,0,-0.01,-0.11, -0.13]
5550,0.010820463,[-0.01,0,-0.03,-0.11,-0.01,-0.1,0,-0.01,-0.11, -0.13]
5560,0.010820463,[-0.01,0,-0.03,-0.11,-0.01,-0.1,0,-0.01,-0.11, -0.13]
5570,0.010820463,[-0.01,0,-0.03,-0.11,-0.01,-0.1,0,-0.01,-0.11, -0.13]
5580,0.010820463,[-0.01,0,-0.03,-0.11,-0.01,-0.1,0,-0.01,-0.11, -0.13]
5590,0.010820463,[-0.01,0,-0.03,-0.11,-0.01,-0.1,0,-0.01,-0.11, -0.13]
5600,0.010820463,[-0.01,0,-0.03,-0.11,-0.01,-0.1,0,-0.01,-0.11, -0.13]
5610,0.010820463,[-0.01,0,-0.03,-0.11,-0.01,-0.1,0,-0.01,-0.11, -0.13]
5620,0.010820463,[-0.01,0,-0.03,-0.11,-0.01,-0.1,0,-0.01,-0.11, -0.13]
5630,0.010820463,[-0.01,0,-0.03,-0.11,-0.01,-0.1,0,-0.01,-0.11, -0.13]
5640,0.010820463,[-0.01,0,-0.03,-0.11,-0.01,-0.1,0,-0.01,-0.11, -0.13]
5650,0.010820463,[-0.01,0,-0.03,-0.11,-0.01,-0.1,0,-0.01,-0.11, -0.13]
5660,0.010820463,[-0.01,0,-0.03,-0.11,-0.01,-0.1,0,-0.01,-0.11, -0.13]
5670,0.010820463,[-0.01,0,-0.03,-0.11,-0.01,-0.1,0,-0.01,-0.11, -0.13]
5680,0.010820463,[-0.01,0,-0.03,-0.11,-0.01,-0.1,0,-0.01,-0.11, -0.13]
5690,0.010820463,[-0.01,0,-0.03,-0.11,-0.01,-0.1,0,-0.01,-0.11, -0.13]
5700,0.010820463,[-0.01,0,-0.03,-0.11,-0.01,-0.1,0,-0.01,-0.11, -0.13]
5710,0.010820463,[-0.01,0,-0.03,-0.11,-0.01,-0.1,0,-0.01,-0.11, -0.13]
5720,0.010820463,[-0.01,0,-0.03,-0.11,-0.01,-0.1,0,-0.01,-0.11, -0.13]
5730,0.010820463,[-0.01,0,-0.03,-0.11,-0.01,-0.1,0,-0.01,-0.11, -0.13]
5740,0.010820463,[-0.01,0,-0.03,-0.11,-0.01,-0.1,0,-0.01,-0.11, -0.13]
5750,0.010820463,[-0.01,0,-0.03,-0.11,-0.01,-0.1,0,-0.01,-0.11, -0.13]
5760,0.010820463,[-0.01,0,-0.03,-0.11,-0.01,-0.1,0,-0.01,-0.11, -0.13]
5770,0.010820463,[-0.01,0,-0.03,-0.11,-0.01,-0.1,0,-0.01,-0.11, -0.13]
5780,0.010820463,[-0.01,0,-0.03,-0.11,-0.01,-0.1,0,-0.01,-0.11, -0.13]
5790,0.010820463,[-0.01,0,-0.03,-0.11,-0.01,-0.1,0,-0.01,-0.11, -0.13]
5800,0.010820463,[-0.01,0,-0.03,-0.11,-0.01,-0.1,0,-0.01,-0.11, -0.13]
5810,0.010820463,[-0.01,0,-0.03,-0.11,-0.01,-0.1,0,-0.01,-0.11, -0.13]
5820,0.010820463,[-0.01,0,-0.03,-0.11,-0.01,-0.1,0,-0.01,-0.11, -0.13]
5830,0.010820463,[-0.01,0,-0.03,-0.11,-0.01,-0.1,0,-0.01,-0.11, -0.13]
5840,0.010820463,[-0.01,0,-0.03,-0.11,-0.01,-0.1,0,-0.01,-0.11, -0.13]
5850,0.010820463,[-0.01,0,-0.03,-0.11,-0.01,-0.1,0,-0.01,-0.11, -0.13]
5860,0.010820463,[-0.01,0,-0.03,-0.11,-0.01,-0.1,0,-0.01,-0.11, -0.13]
5870,0.010820463,[-0.01,0,-0.03,-0.11,-0.01,-0.1,0,-0.01,-0.11, -0.13]
5880,0.010820463,[-0.01,0,-0.03,-0.11,-0.01,-0.1,0,-0.01,-0.11, -0.13]
5890,0.010820463,[-0.01,0,-0.03,-0.11,-0.01,-0.1,0,-0.01,-0.11, -0.13]
5900,0.010820463,[-0.01,0,-0.03,-0.11,-0.01,-0.1,0,-0.01,-0.11, -0.13]
5910,0.010820463,[-0.01,0,-0.03,-0.11,-0.01,-0.1,0,-0.01,-0.11, -0.13]
5920,0.010820463,[-0.01,0,-0.03,-0.11,-0.01,-0.1,0,-0.01,-0.11, -0.13]
5930,0.010820463,[-0.01,0,-0.03,-0.11,-0.01,-0.1,0,-0.01,-0.11, -0.13]
5940,0.010820463,[-0.01,0,-0.03,-0.11,-0.01,-0.1,0,-0.01,-0.11, -0.13]
5950,0.010820463,[-0.01,0,-0.03,-0.11,-0.01,-0.1,0,-0.01,-0.11, -0.13]
5960,0.010820463,[-0.01,0,-0.03,-0.11,-0.01,-0.1,0,-0.01,-0.11, -0.13]
5970,0.010820463,[-0.01,0,-0.03,-0.11,-0.01,-0.1,0,-0.01,-0.11, -0.13]
5980,0.010820463,[-0.01,0,-0.03,-0.11,-0.01,-0.1,0,-0.01,-0.11, -0.13]
5990,0.010820463,[-0.01,0,-0.03,-0.11,-0.01,-0.1,0,-0.01,-0.11, -0.13]
6000,0.010820463,[-0.01,0,-0.03,-0.11,-0.01,-0.1,0,-0.01,-0.11, -0.13]
6010,0.010820463,[-0.01,0,-0.03,-0.11,-0.01,-0.1,0,-0.01,-0.11, -0.13]
6020,0.010820463,[-0.01,0,-0.03,-0.11,-0.01,-0.1,0,-0.01,-0.11, -0.13]
6030,0.010820463,[-0.01,0,-0.03,-0.11,-0.01,-0.1,0,-0.01,-0.11, -0.13]
6040,0.010820463,[-0.01,0,-0.03,-0.11,-0.01,-0.1,0,-0.01,-0.11, -0.13]
6050,0.010820463,[-0.01,0,-0.03,-0.11,-0.01,-0.1,0,-0.01,-0.11, -0.13]
6060,0.010820463,[-0.01,0,-0.03,-0.11,-0.01,-0.1,0,-0.01,-0.11, -0.13]
6070,0.010820463,[-0.01,0,-0.03,-0.11,-0.01,-0.1,0,-0.01,-0.11, -0.13]
6080,0.010820463,[-0.01,0,-0.03,-0.11,-0.01,-0.1,0,-0.01,-0.11, -0.13]
6090,0.010820463,[-0.01,0,-0.03,-0.11,-0.01,-0.1,0,-0.01,-0.11, -0.13]
6100,0.010820463,[-0.01,0,-0.03,-0.11,-0.01,-0.1,0,-0.01,-0.11, -0.13]
6110,0.010820463,[-0.01,0,-0.03,-0.11,-0.01,-0.1,0,-0.01,-0.11, -0.13]
6120,0.010820463,[-0.01,0,-0.03,-0.11,-0.01,-0.1,0,-0.01,-0.11, -0.13]
6130,0.010820463,[-0.01,0,-0.03,-0.11,-0.01,-0.1,0,-0.01,-0.11, -0.13]
6140,0.010820463,[-0.01,0,-0.03,-0.11,-0.01,-0.1,0,-0.01,-0.11, -0.13]
6150,0.010820463,[-0.01,0,-0.03,-0.11,-0.01,-0.1,0,-0.01,-0.11, -0.13]
6160,0.010820463,[-0.01,0,-0.03,-0.11,-0.01,-0.1,0,-0.01,-0.11, -0.13]
6170,0.010820463,[-0.01,0,-0.03,-0.11,-0.01,-0.1,0,-0.01,-0.11, -0.13]
6180,0.010820463,[-0.01,0,-0.03,-0.11,-0.01,-0.1,0,-0.01,-0.11, -0.13]
6190,0.010820463,[-0.01,0,-0.03,-0.11,-0.01,-0.1,0,-0.01,-0.11, -0.13]
6200,0.010820463,[-0.01,0,-0.03,-0.11,-0.01,-0.1,0,-0.01,-0.11, -0.13]
6210,0.010820463,[-0.01,0,-0.03,-0.11,-0.01,-0.1,0,-0.01,-0.11, -0.13]
6220,0.010820463,[-0.01,0,-0.03,-0.11,-0.01,-0.1,0,-0.01,-0.11, -0.13]
6230,0.010820463,[-0.01,0,-0.03,-0.11,-0.01,-0.1,0,-0.01,-0.11, -0.13]
6240,0.010820463,[-0.01,0,-0.03,-0.11,-0.01,-0.1,0,-0.01,-0.11, -0.13]
6250,0.010820463,[-0.01,0,-0.03,-0.11,-0.01,-0.1,0,-0.01,-0.11, -0.13]
6260,0.010820463,[-0.01,0,-0.03,-0.11,-0.01,-0.1,0,-0.01,-0.11, -0.13]
6270,0.010820463,[-0.01,0,-0.03,-0.11,-0.01,-0.1,0,-0.01,-0.11, -0.13]
6280,0.010820463,[-0.01,0,-0.03,-0.11,-0.01,-0.1,0,-0.01,-0.11, -0.13]
6290,0.010820463,[-0.01,0,-0.03,-0.11,-0.01,-0.1,0,-0.01,-0.11, -0.13]
6300,0.010820463,[-0.01,0,-0.03,-0.11,-0.01,-0.1,0,-0.01,-0.11, -0.13]
6310,0.010820463,[-0.01,0,-0.03,-0.11,-0.01,-0.1,0,-0.01,-0.11, -0.13]
6320,0.010820463,[-0.01,0,-0.03,-0.11,-0.01,-0.1,0,-0.01,-0.11, -0.13]
6330,0.010820463,[-0.01,0,-0.03,-0.11,-0.01,-0.1,0,-0.01,-0.11, -0.13]
6340,0.010820463,[-0.01,0,-0.03,-0.11,-0.01,-0.1,0,-0.01,-0.11, -0.13]
6350,0.010820463,[-0.01,0,-0.03,-0.11,-0.01,-0.1,0,-0.01,-0.11, -0.13]
6360,0.010820463,[-0.01,0,-0.03,-0.11,-0.01,-0.1,0,-0.01,-0.11, -0.13]
6370,0.010820463,[-0.01,0,-0.03,-0.11,-0.01,-0.1,0,-0.01,-0.11, -0.13]
6380,0.010820463,[-0.01,0,-0.03,-0.11,-0.01,-0.1,0,-0.01,-0.11, -0.13]
6390,0.010820463,[-0.01,0,-0.03,-0.11,-0.01,-0.1,0,-0.01,-0.11, -0.13]
6400,0.010820463,[-0.01,0,-0.03,-0.11,-0.01,-0.1,0,-0.01,-0.11, -0.13]
6410,0.010820463,[-0.01,0,-0.03,-0.11,-0.01,-0.1,0,-0.01,-0.11, -0.13]
6420,0.010820463,[-0.01,0,-0.03,-0.11,-0.01,-0.1,0,-0.01,-0.11, -0.13]
6430,0.010820463,[-0.01,0,-0.03,-0.11,-0.01,-0.1,0,-0.01,-0.11, -0.13]
6440,0.010820463,[-0.01,0,-0.03,-0.11,-0.01,-0.1,0,-0.01,-0.11, -0.13]
6450,0.010820463,[-0.01,0,-0.03,-0.11,-0.01,-0.1,0,-0.01,-0.11, -0.13]
6460,0.010820463,[-0.01,0,-0.03,-0.11,-0.01,-0.1,0,-0.01,-0.11, -0.13]
6470,0.010820463,[-0.01,0,-0.03,-0.11,-0.01,-0.1,0,-0.01,-0.11, -0.13]
6480,0.010820463,[-0.01,0,-0.03,-0.11,-0.01,-0.1,0,-0.01,-0.11, -0.13]
6490,0.010820463,[-0.01,0,-0.03,-0.11,-0.01,-0.1,0,-0.01,-0.11, -0.13]
6500,0.010820463,[-0.01,0,-0.03,-0.11,-0.01,-0.1,0,-0.01,-0.11, -0.13]
6510,0.010338026,[-0.05,0,-0.1,-0.11,-0.01,-0.1,0,-0.01,-0.11, -0.13]
6520,0.010338026,[-0.05,0,-0.1,-0.11,-0.01,-0.1,0,-0.01,-0.11, -0.13]
6530,0.010338026,[-0.05,0,-0.1,-0.11,-0.01,-0.1,0,-0.01,-0.11, -0.13]
6540,0.010338026,[-0.05,0,-0.1,-0.11,-0.01,-0.1,0,-0.01,-0.11, -0.13]
6550,0.009437011,[-0.02,0,-0.1,-0.11,-0.01,-0.1,0,-0.01,-0.11, -0.13]
6560,0.009437011,[-0.02,0,-0.1,-0.11,-0.01,-0.1,0,-0.01,-0.11, -0.13]
6570,0.009437011,[-0.02,0,-0.1,-0.11,-0.01,-0.1,0,-0.01,-0.11, -0.13]
6580,0.008736986,[-0.01,0,-0.1,-0.11,-0.01,-0.1,0,-0.01,-0.11, -0.13]
6590,0.008736986,[-0.01,0,-0.1,-0.11,-0.01,-0.1,0,-0.01,-0.11, -0.13]
6600,0.008736986,[-0.01,0,-0.1,-0.11,-0.01,-0.1,0,-0.01,-0.11, -0.13]
6610,0.008736986,[-0.01,0,-0.1,-0.11,-0.01,-0.1,0,-0.01,-0.11, -0.13]
6620,0.008736986,[-0.01,0,-0.1,-0.11,-0.01,-0.1,0,-0.01,-0.11, -0.13]
6630,0.008736986,[-0.01,0,-0.1,-0.11,-0.01,-0.1,0,-0.01,-0.11, -0.13]
6640,0.008736986,[-0.01,0,-0.1,-0.11,-0.01,-0.1,0,-0.01,-0.11, -0.13]
6650,0.008736986,[-0.01,0,-0.1,-0.11,-0.01,-0.1,0,-0.01,-0.11, -0.13]
6660,0.008736986,[-0.01,0,-0.1,-0.11,-0.01,-0.1,0,-0.01,-0.11, -0.13]
6670,0.008736986,[-0.01,0,-0.1,-0.11,-0.01,-0.1,0,-0.01,-0.11, -0.13]
6680,0.008736986,[-0.01,0,-0.1,-0.11,-0.01,-0.1,0,-0.01,-0.11, -0.13]
6690,0.008736986,[-0.01,0,-0.1,-0.11,-0.01,-0.1,0,-0.01,-0.11, -0.13]
6700,0.008736986,[-0.01,0,-0.1,-0.11,-0.01,-0.1,0,-0.01,-0.11, -0.13]
6710,0.008736986,[-0.01,0,-0.1,-0.11,-0.01,-0.1,0,-0.01,-0.11, -0.13]
6720,0.008736986,[-0.01,0,-0.1,-0.11,-0.01,-0.1,0,-0.01,-0.11, -0.13]
6730,0.008736986,[-0.01,0,-0.1,-0.11,-0.01,-0.1,0,-0.01,-0.11, -0.13]
6740,0.008736986,[-0.01,0,-0.1,-0.11,-0.01,-0.1,0,-0.01,-0.11, -0.13]
6750,0.008736986,[-0.01,0,-0.1,-0.11,-0.01,-0.1,0,-0.01,-0.11, -0.13]
6760,0.008736986,[-0.01,0,-0.1,-0.11,-0.01,-0.1,0,-0.01,-0.11, -0.13]
6770,0.008736986,[-0.01,0,-0.1,-0.11,-0.01,-0.1,0,-0.01,-0.11, -0.13]
6780,0.008736986,[-0.01,0,-0.1,-0.11,-0.01,-0.1,0,-0.01,-0.11, -0.13]
6790,0.008736986,[-0.01,0,-0.1,-0.11,-0.01,-0.1,0,-0.01,-0.11, -0.13]
6800,0.008736986,[-0.01,0,-0.1,-0.11,-0.01,-0.1,0,-0.01,-0.11, -0.13]
6810,0.008736986,[-0.01,0,-0.1,-0.11,-0.01,-0.1,0,-0.01,-0.11, -0.13]
6820,0.008736986,[-0.01,0,-0.1,-0.11,-0.01,-0.1,0,-0.01,-0.11, -0.13]
6830,0.008736986,[-0.01,0,-0.1,-0.11,-0.01,-0.1,0,-0.01,-0.11, -0.13]
6840,0.008736986,[-0.01,0,-0.1,-0.11,-0.01,-0.1,0,-0.01,-0.11, -0.13]
6850,0.008736986,[-0.01,0,-0.1,-0.11,-0.01,-0.1,0,-0.01,-0.11, -0.13]
6860,0.008736986,[-0.01,0,-0.1,-0.11,-0.01,-0.1,0,-0.01,-0.11, -0.13]
6870,0.008736986,[-0.01,0,-0.1,-0.11,-0.01,-0.1,0,-0.01,-0.11, -0.13]
6880,0.008736986,[-0.01,0,-0.1,-0.11,-0.01,-0.1,0,-0.01,-0.11, -0.13]
6890,0.008736986,[-0.01,0,-0.1,-0.11,-0.01,-0.1,0,-0.01,-0.11, -0.13]
6900,0.008736986,[-0.01,0,-0.1,-0.11,-0.01,-0.1,0,-0.01,-0.11, -0.13]
6910,0.008736986,[-0.01,0,-0.1,-0.11,-0.01,-0.1,0,-0.01,-0.11, -0.13]
6920,0.008736986,[-0.01,0,-0.1,-0.11,-0.01,-0.1,0,-0.01,-0.11, -0.13]
6930,0.008736986,[-0.01,0,-0.1,-0.11,-0.01,-0.1,0,-0.01,-0.11, -0.13]
6940,0.008736986,[-0.01,0,-0.1,-0.11,-0.01,-0.1,0,-0.01,-0.11, -0.13]
6950,0.008736986,[-0.01,0,-0.1,-0.11,-0.01,-0.1,0,-0.01,-0.11, -0.13]
6960,0.008736986,[-0.01,0,-0.1,-0.11,-0.01,-0.1,0,-0.01,-0.11, -0.13]
6970,0.008736986,[-0.01,0,-0.1,-0.11,-0.01,-0.1,0,-0.01,-0.11, -0.13]
6980,0.008736986,[-0.01,0,-0.1,-0.11,-0.01,-0.1,0,-0.01,-0.11, -0.13]
6990,0.008736986,[-0.01,0,-0.1,-0.11,-0.01,-0.1,0,-0.01,-0.11, -0.13]
7000,0.008736986,[-0.01,0,-0.1,-0.11,-0.01,-0.1,0,-0.01,-0.11, -0.13]
7010,0.008736986,[-0.01,0,-0.1,-0.11,-0.01,-0.1,0,-0.01,-0.11, -0.13]
7020,0.008736986,[-0.01,0,-0.1,-0.11,-0.01,-0.1,0,-0.01,-0.11, -0.13]
7030,0.008736986,[-0.01,0,-0.1,-0.11,-0.01,-0.1,0,-0.01,-0.11, -0.13]
7040,0.008736986,[-0.01,0,-0.1,-0.11,-0.01,-0.1,0,-0.01,-0.11, -0.13]
7050,0.008736986,[-0.01,0,-0.1,-0.11,-0.01,-0.1,0,-0.01,-0.11, -0.13]
7060,0.008736986,[-0.01,0,-0.1,-0.11,-0.01,-0.1,0,-0.01,-0.11, -0.13]
7070,0.008736986,[-0.01,0,-0.1,-0.11,-0.01,-0.1,0,-0.01,-0.11, -0.13]
7080,0.008736986,[-0.01,0,-0.1,-0.11,-0.01,-0.1,0,-0.01,-0.11, -0.13]
7090,0.008736986,[-0.01,0,-0.1,-0.11,-0.01,-0.1,0,-0.01,-0.11, -0.13]
7100,0.008736986,[-0.01,0,-0.1,-0.11,-0.01,-0.1,0,-0.01,-0.11, -0.13]
7110,0.008736986,[-0.01,0,-0.1,-0.11,-0.01,-0.1,0,-0.01,-0.11, -0.13]
7120,0.008736986,[-0.01,0,-0.1,-0.11,-0.01,-0.1,0,-0.01,-0.11, -0.13]
7130,0.008736986,[-0.01,0,-0.1,-0.11,-0.01,-0.1,0,-0.01,-0.11, -0.13]
7140,0.008736986,[-0.01,0,-0.1,-0.11,-0.01,-0.1,0,-0.01,-0.11, -0.13]
7150,0.008736986,[-0.01,0,-0.1,-0.11,-0.01,-0.1,0,-0.01,-0.11, -0.13]
7160,0.008736986,[-0.01,0,-0.1,-0.11,-0.01,-0.1,0,-0.01,-0.11, -0.13]
7170,0.008736986,[-0.01,0,-0.1,-0.11,-0.01,-0.1,0,-0.01,-0.11, -0.13]
7180,0.008736986,[-0.01,0,-0.1,-0.11,-0.01,-0.1,0,-0.01,-0.11, -0.13]
7190,0.008736986,[-0.01,0,-0.1,-0.11,-0.01,-0.1,0,-0.01,-0.11, -0.13]
7200,0.008736986,[-0.01,0,-0.1,-0.11,-0.01,-0.1,0,-0.01,-0.11, -0.13]
7210,0.008736986,[-0.01,0,-0.1,-0.11,-0.01,-0.1,0,-0.01,-0.11, -0.13]
7220,0.008736986,[-0.01,0,-0.1,-0.11,-0.01,-0.1,0,-0.01,-0.11, -0.13]
7230,0.008736986,[-0.01,0,-0.1,-0.11,-0.01,-0.1,0,-0.01,-0.11, -0.13]
7240,0.008736986,[-0.01,0,-0.1,-0.11,-0.01,-0.1,0,-0.01,-0.11, -0.13]
7250,0.008736986,[-0.01,0,-0.1,-0.11,-0.01,-0.1,0,-0.01,-0.11, -0.13]
7260,0.008736986,[-0.01,0,-0.1,-0.11,-0.01,-0.1,0,-0.01,-0.11, -0.13]
7270,0.008736986,[-0.01,0,-0.1,-0.11,-0.01,-0.1,0,-0.01,-0.11, -0.13]
7280,0.008736986,[-0.01,0,-0.1,-0.11,-0.01,-0.1,0,-0.01,-0.11, -0.13]
7290,0.008736986,[-0.01,0,-0.1,-0.11,-0.01,-0.1,0,-0.01,-0.11, -0.13]
7300,0.008736986,[-0.01,0,-0.1,-0.11,-0.01,-0.1,0,-0.01,-0.11, -0.13]
7310,0.008736986,[-0.01,0,-0.1,-0.11,-0.01,-0.1,0,-0.01,-0.11, -0.13]
7320,0.008736986,[-0.01,0,-0.1,-0.11,-0.01,-0.1,0,-0.01,-0.11, -0.13]
7330,0.008736986,[-0.01,0,-0.1,-0.11,-0.01,-0.1,0,-0.01,-0.11, -0.13]
7340,0.008736986,[-0.01,0,-0.1,-0.11,-0.01,-0.1,0,-0.01,-0.11, -0.13]
7350,0.008736986,[-0.01,0,-0.1,-0.11,-0.01,-0.1,0,-0.01,-0.11, -0.13]
7360,0.008736986,[-0.01,0,-0.1,-0.11,-0.01,-0.1,0,-0.01,-0.11, -0.13]
7370,0.008736986,[-0.01,0,-0.1,-0.11,-0.01,-0.1,0,-0.01,-0.11, -0.13]
7380,0.008736986,[-0.01,0,-0.1,-0.11,-0.01,-0.1,0,-0.01,-0.11, -0.13]
7390,0.008736986,[-0.01,0,-0.1,-0.11,-0.01,-0.1,0,-0.01,-0.11, -0.13]
7400,0.008736986,[-0.01,0,-0.1,-0.11,-0.01,-0.1,0,-0.01,-0.11, -0.13]
7410,0.008736986,[-0.01,0,-0.1,-0.11,-0.01,-0.1,0,-0.01,-0.11, -0.13]
7420,0.008736986,[-0.01,0,-0.1,-0.11,-0.01,-0.1,0,-0.01,-0.11, -0.13]
7430,0.008736986,[-0.01,0,-0.1,-0.11,-0.01,-0.1,0,-0.01,-0.11, -0.13]
7440,0.008736986,[-0.01,0,-0.1,-0.11,-0.01,-0.1,0,-0.01,-0.11, -0.13]
7450,0.008736986,[-0.01,0,-0.1,-0.11,-0.01,-0.1,0,-0.01,-0.11, -0.13]
7460,0.008736986,[-0.01,0,-0.1,-0.11,-0.01,-0.1,0,-0.01,-0.11, -0.13]
7470,0.008736986,[-0.01,0,-0.1,-0.11,-0.01,-0.1,0,-0.01,-0.11, -0.13]
7480,0.008736986,[-0.01,0,-0.1,-0.11,-0.01,-0.1,0,-0.01,-0.11, -0.13]
7490,0.008736986,[-0.01,0,-0.1,-0.11,-0.01,-0.1,0,-0.01,-0.11, -0.13]
7500,0.008736986,[-0.01,0,-0.1,-0.11,-0.01,-0.1,0,-0.01,-0.11, -0.13]
7510,0.008736986,[-0.01,0,-0.1,-0.11,-0.01,-0.1,0,-0.01,-0.11, -0.13]
7520,0.008736986,[-0.01,0,-0.1,-0.11,-0.01,-0.1,0,-0.01,-0.11, -0.13]
7530,0.008736986,[-0.01,0,-0.1,-0.11,-0.01,-0.1,0,-0.01,-0.11, -0.13]
7540,0.008736986,[-0.01,0,-0.1,-0.11,-0.01,-0.1,0,-0.01,-0.11, -0.13]
7550,0.008736986,[-0.01,0,-0.1,-0.11,-0.01,-0.1,0,-0.01,-0.11, -0.13]
7560,0.008736986,[-0.01,0,-0.1,-0.11,-0.01,-0.1,0,-0.01,-0.11, -0.13]
7570,0.008736986,[-0.01,0,-0.1,-0.11,-0.01,-0.1,0,-0.01,-0.11, -0.13]
7580,0.008736986,[-0.01,0,-0.1,-0.11,-0.01,-0.1,0,-0.01,-0.11, -0.13]
7590,0.008736986,[-0.01,0,-0.1,-0.11,-0.01,-0.1,0,-0.01,-0.11, -0.13]
7600,0.008736986,[-0.01,0,-0.1,-0.11,-0.01,-0.1,0,-0.01,-0.11, -0.13]
7610,0.008736986,[-0.01,0,-0.1,-0.11,-0.01,-0.1,0,-0.01,-0.11, -0.13]
7620,0.008736986,[-0.01,0,-0.1,-0.11,-0.01,-0.1,0,-0.01,-0.11, -0.13]
7630,0.008736986,[-0.01,0,-0.1,-0.11,-0.01,-0.1,0,-0.01,-0.11, -0.13]
7640,0.008736986,[-0.01,0,-0.1,-0.11,-0.01,-0.1,0,-0.01,-0.11, -0.13]
7650,0.008736986,[-0.01,0,-0.1,-0.11,-0.01,-0.1,0,-0.01,-0.11, -0.13]
7660,0.008736986,[-0.01,0,-0.1,-0.11,-0.01,-0.1,0,-0.01,-0.11, -0.13]
7670,0.008736986,[-0.01,0,-0.1,-0.11,-0.01,-0.1,0,-0.01,-0.11, -0.13]
7680,0.008736986,[-0.01,0,-0.1,-0.11,-0.01,-0.1,0,-0.01,-0.11, -0.13]
7690,0.008736986,[-0.01,0,-0.1,-0.11,-0.01,-0.1,0,-0.01,-0.11, -0.13]
7700,0.008736986,[-0.01,0,-0.1,-0.11,-0.01,-0.1,0,-0.01,-0.11, -0.13]
7710,0.008736986,[-0.01,0,-0.1,-0.11,-0.01,-0.1,0,-0.01,-0.11, -0.13]
7720,0.008736986,[-0.01,0,-0.1,-0.11,-0.01,-0.1,0,-0.01,-0.11, -0.13]
7730,0.008736986,[-0.01,0,-0.1,-0.11,-0.01,-0.1,0,-0.01,-0.11, -0.13]
7740,0.008736986,[-0.01,0,-0.1,-0.11,-0.01,-0.1,0,-0.01,-0.11, -0.13]
7750,0.008736986,[-0.01,0,-0.1,-0.11,-0.01,-0.1,0,-0.01,-0.11, -0.13]
7760,0.008736986,[-0.01,0,-0.1,-0.11,-0.01,-0.1,0,-0.01,-0.11, -0.13]
7770,0.008736986,[-0.01,0,-0.1,-0.11,-0.01,-0.1,0,-0.01,-0.11, -0.13]
7780,0.008736986,[-0.01,0,-0.1,-0.11,-0.01,-0.1,0,-0.01,-0.11, -0.13]
7790,0.008736986,[-0.01,0,-0.1,-0.11,-0.01,-0.1,0,-0.01,-0.11, -0.13]
7800,0.008736986,[-0.01,0,-0.1,-0.11,-0.01,-0.1,0,-0.01,-0.11, -0.13]
7810,0.008736986,[-0.01,0,-0.1,-0.11,-0.01,-0.1,0,-0.01,-0.11, -0.13]
7820,0.008736986,[-0.01,0,-0.1,-0.11,-0.01,-0.1,0,-0.01,-0.11, -0.13]
7830,0.008736986,[-0.01,0,-0.1,-0.11,-0.01,-0.1,0,-0.01,-0.11, -0.13]
7840,0.008736986,[-0.01,0,-0.1,-0.11,-0.01,-0.1,0,-0.01,-0.11, -0.13]
7850,0.008736986,[-0.01,0,-0.1,-0.11,-0.01,-0.1,0,-0.01,-0.11, -0.13]
7860,0.008736986,[-0.01,0,-0.1,-0.11,-0.01,-0.1,0,-0.01,-0.11, -0.13]
7870,0.008736986,[-0.01,0,-0.1,-0.11,-0.01,-0.1,0,-0.01,-0.11, -0.13]
7880,0.008736986,[-0.01,0,-0.1,-0.11,-0.01,-0.1,0,-0.01,-0.11, -0.13]
7890,0.008736986,[-0.01,0,-0.1,-0.11,-0.01,-0.1,0,-0.01,-0.11, -0.13]
7900,0.008736986,[-0.01,0,-0.1,-0.11,-0.01,-0.1,0,-0.01,-0.11, -0.13]
7910,0.008736986,[-0.01,0,-0.1,-0.11,-0.01,-0.1,0,-0.01,-0.11, -0.13]
7920,0.008736986,[-0.01,0,-0.1,-0.11,-0.01,-0.1,0,-0.01,-0.11, -0.13]
7930,0.008736986,[-0.01,0,-0.1,-0.11,-0.01,-0.1,0,-0.01,-0.11, -0.13]
7940,0.008736986,[-0.01,0,-0.1,-0.11,-0.01,-0.1,0,-0.01,-0.11, -0.13]
7950,0.008736986,[-0.01,0,-0.1,-0.11,-0.01,-0.1,0,-0.01,-0.11, -0.13]
7960,0.008736986,[-0.01,0,-0.1,-0.11,-0.01,-0.1,0,-0.01,-0.11, -0.13]
7970,0.008736986,[-0.01,0,-0.1,-0.11,-0.01,-0.1,0,-0.01,-0.11, -0.13]
7980,0.008736986,[-0.01,0,-0.1,-0.11,-0.01,-0.1,0,-0.01,-0.11, -0.13]
7990,0.008736986,[-0.01,0,-0.1,-0.11,-0.01,-0.1,0,-0.01,-0.11, -0.13]
8000,0.008736986,[-0.01,0,-0.1,-0.11,-0.01,-0.1,0,-0.01,-0.11, -0.13]
8010,0.008736986,[-0.01,0,-0.1,-0.11,-0.01,-0.1,0,-0.01,-0.11, -0.13]
8020,0.008736986,[-0.01,0,-0.1,-0.11,-0.01,-0.1,0,-0.01,-0.11, -0.13]
8030,0.008736986,[-0.01,0,-0.1,-0.11,-0.01,-0.1,0,-0.01,-0.11, -0.13]
8040,0.008736986,[-0.01,0,-0.1,-0.11,-0.01,-0.1,0,-0.01,-0.11, -0.13]
8050,0.008736986,[-0.01,0,-0.1,-0.11,-0.01,-0.1,0,-0.01,-0.11, -0.13]
8060,0.008736986,[-0.01,0,-0.1,-0.11,-0.01,-0.1,0,-0.01,-0.11, -0.13]
8070,0.008736986,[-0.01,0,-0.1,-0.11,-0.01,-0.1,0,-0.01,-0.11, -0.13]
8080,0.008736986,[-0.01,0,-0.1,-0.11,-0.01,-0.1,0,-0.01,-0.11, -0.13]
8090,0.008736986,[-0.01,0,-0.1,-0.11,-0.01,-0.1,0,-0.01,-0.11, -0.13]
8100,0.008736986,[-0.01,0,-0.1,-0.11,-0.01,-0.1,0,-0.01,-0.11, -0.13]
8110,0.008736986,[-0.01,0,-0.1,-0.11,-0.01,-0.1,0,-0.01,-0.11, -0.13]
8120,0.008736986,[-0.01,0,-0.1,-0.11,-0.01,-0.1,0,-0.01,-0.11, -0.13]
8130,0.008736986,[-0.01,0,-0.1,-0.11,-0.01,-0.1,0,-0.01,-0.11, -0.13]
8140,0.008736986,[-0.01,0,-0.1,-0.11,-0.01,-0.1,0,-0.01,-0.11, -0.13]
8150,0.008736986,[-0.01,0,-0.1,-0.11,-0.01,-0.1,0,-0.01,-0.11, -0.13]
8160,0.008736986,[-0.01,0,-0.1,-0.11,-0.01,-0.1,0,-0.01,-0.11, -0.13]
8170,0.008736986,[-0.01,0,-0.1,-0.11,-0.01,-0.1,0,-0.01,-0.11, -0.13]
8180,0.008736986,[-0.01,0,-0.1,-0.11,-0.01,-0.1,0,-0.01,-0.11, -0.13]
8190,0.008736986,[-0.01,0,-0.1,-0.11,-0.01,-0.1,0,-0.01,-0.11, -0.13]
8200,0.008736986,[-0.01,0,-0.1,-0.11,-0.01,-0.1,0,-0.01,-0.11, -0.13]
8210,0.008736986,[-0.01,0,-0.1,-0.11,-0.01,-0.1,0,-0.01,-0.11, -0.13]
8220,0.008736986,[-0.01,0,-0.1,-0.11,-0.01,-0.1,0,-0.01,-0.11, -0.13]
8230,0.008736986,[-0.01,0,-0.1,-0.11,-0.01,-0.1,0,-0.01,-0.11, -0.13]
8240,0.008736986,[-0.01,0,-0.1,-0.11,-0.01,-0.1,0,-0.01,-0.11, -0.13]
8250,0.008736986,[-0.01,0,-0.1,-0.11,-0.01,-0.1,0,-0.01,-0.11, -0.13]
8260,0.008736986,[-0.01,0,-0.1,-0.11,-0.01,-0.1,0,-0.01,-0.11, -0.13]
8270,0.007688574,[-0.02,0,-0.1,-0.11,-0.01,-0.1,0,-0.01,-0.11, -0.07]
8280,0.006988549,[-0.01,0,-0.1,-0.11,-0.01,-0.1,0,-0.01,-0.11, -0.07]
8290,0.006988549,[-0.01,0,-0.1,-0.11,-0.01,-0.1,0,-0.01,-0.11, -0.07]
8300,0.006988549,[-0.01,0,-0.1,-0.11,-0.01,-0.1,0,-0.01,-0.11, -0.07]
8310,0.006988549,[-0.01,0,-0.1,-0.11,-0.01,-0.1,0,-0.01,-0.11, -0.07]
8320,0.006988549,[-0.01,0,-0.1,-0.11,-0.01,-0.1,0,-0.01,-0.11, -0.07]
8330,0.006988549,[-0.01,0,-0.1,-0.11,-0.01,-0.1,0,-0.01,-0.11, -0.07]
8340,0.006988549,[-0.01,0,-0.1,-0.11,-0.01,-0.1,0,-0.01,-0.11, -0.07]
8350,0.006988549,[-0.01,0,-0.1,-0.11,-0.01,-0.1,0,-0.01,-0.11, -0.07]
8360,0.006988549,[-0.01,0,-0.1,-0.11,-0.01,-0.1,0,-0.01,-0.11, -0.07]
8370,0.006988549,[-0.01,0,-0.1,-0.11,-0.01,-0.1,0,-0.01,-0.11, -0.07]
8380,0.006988549,[-0.01,0,-0.1,-0.11,-0.01,-0.1,0,-0.01,-0.11, -0.07]
8390,0.006988549,[-0.01,0,-0.1,-0.11,-0.01,-0.1,0,-0.01,-0.11, -0.07]
8400,0.006988549,[-0.01,0,-0.1,-0.11,-0.01,-0.1,0,-0.01,-0.11, -0.07]
8410,0.006988549,[-0.01,0,-0.1,-0.11,-0.01,-0.1,0,-0.01,-0.11, -0.07]
8420,0.006988549,[-0.01,0,-0.1,-0.11,-0.01,-0.1,0,-0.01,-0.11, -0.07]
8430,0.006988549,[-0.01,0,-0.1,-0.11,-0.01,-0.1,0,-0.01,-0.11, -0.07]
8440,0.006988549,[-0.01,0,-0.1,-0.11,-0.01,-0.1,0,-0.01,-0.11, -0.07]
8450,0.006988549,[-0.01,0,-0.1,-0.11,-0.01,-0.1,0,-0.01,-0.11, -0.07]
8460,0.006988549,[-0.01,0,-0.1,-0.11,-0.01,-0.1,0,-0.01,-0.11, -0.07]
8470,0.006988549,[-0.01,0,-0.1,-0.11,-0.01,-0.1,0,-0.01,-0.11, -0.07]
8480,0.006988549,[-0.01,0,-0.1,-0.11,-0.01,-0.1,0,-0.01,-0.11, -0.07]
8490,0.006988549,[-0.01,0,-0.1,-0.11,-0.01,-0.1,0,-0.01,-0.11, -0.07]
8500,0.006988549,[-0.01,0,-0.1,-0.11,-0.01,-0.1,0,-0.01,-0.11, -0.07]
8510,0.006988549,[-0.01,0,-0.1,-0.11,-0.01,-0.1,0,-0.01,-0.11, -0.07]
8520,0.006988549,[-0.01,0,-0.1,-0.11,-0.01,-0.1,0,-0.01,-0.11, -0.07]
8530,0.006988549,[-0.01,0,-0.1,-0.11,-0.01,-0.1,0,-0.01,-0.11, -0.07]
8540,0.006988549,[-0.01,0,-0.1,-0.11,-0.01,-0.1,0,-0.01,-0.11, -0.07]
8550,0.006988549,[-0.01,0,-0.1,-0.11,-0.01,-0.1,0,-0.01,-0.11, -0.07]
8560,0.006988549,[-0.01,0,-0.1,-0.11,-0.01,-0.1,0,-0.01,-0.11, -0.07]
8570,0.006988549,[-0.01,0,-0.1,-0.11,-0.01,-0.1,0,-0.01,-0.11, -0.07]
8580,0.006988549,[-0.01,0,-0.1,-0.11,-0.01,-0.1,0,-0.01,-0.11, -0.07]
8590,0.006988549,[-0.01,0,-0.1,-0.11,-0.01,-0.1,0,-0.01,-0.11, -0.07]
8600,0.006988549,[-0.01,0,-0.1,-0.11,-0.01,-0.1,0,-0.01,-0.11, -0.07]
8610,0.006988549,[-0.01,0,-0.1,-0.11,-0.01,-0.1,0,-0.01,-0.11, -0.07]
8620,0.006988549,[-0.01,0,-0.1,-0.11,-0.01,-0.1,0,-0.01,-0.11, -0.07]
8630,0.006988549,[-0.01,0,-0.1,-0.11,-0.01,-0.1,0,-0.01,-0.11, -0.07]
8640,0.006988549,[-0.01,0,-0.1,-0.11,-0.01,-0.1,0,-0.01,-0.11, -0.07]
8650,0.006988549,[-0.01,0,-0.1,-0.11,-0.01,-0.1,0,-0.01,-0.11, -0.07]
8660,0.006988549,[-0.01,0,-0.1,-0.11,-0.01,-0.1,0,-0.01,-0.11, -0.07]
8670,0.006988549,[-0.01,0,-0.1,-0.11,-0.01,-0.1,0,-0.01,-0.11, -0.07]
8680,0.006988549,[-0.01,0,-0.1,-0.11,-0.01,-0.1,0,-0.01,-0.11, -0.07]
8690,0.006988549,[-0.01,0,-0.1,-0.11,-0.01,-0.1,0,-0.01,-0.11, -0.07]
8700,0.006988549,[-0.01,0,-0.1,-0.11,-0.01,-0.1,0,-0.01,-0.11, -0.07]
8710,0.006988549,[-0.01,0,-0.1,-0.11,-0.01,-0.1,0,-0.01,-0.11, -0.07]
8720,0.006988549,[-0.01,0,-0.1,-0.11,-0.01,-0.1,0,-0.01,-0.11, -0.07]
8730,0.006988549,[-0.01,0,-0.1,-0.11,-0.01,-0.1,0,-0.01,-0.11, -0.07]
8740,0.006988549,[-0.01,0,-0.1,-0.11,-0.01,-0.1,0,-0.01,-0.11, -0.07]
8750,0.006988549,[-0.01,0,-0.1,-0.11,-0.01,-0.1,0,-0.01,-0.11, -0.07]
8760,0.006988549,[-0.01,0,-0.1,-0.11,-0.01,-0.1,0,-0.01,-0.11, -0.07]
8770,0.006988549,[-0.01,0,-0.1,-0.11,-0.01,-0.1,0,-0.01,-0.11, -0.07]
8780,0.006988549,[-0.01,0,-0.1,-0.11,-0.01,-0.1,0,-0.01,-0.11, -0.07]
8790,0.006988549,[-0.01,0,-0.1,-0.11,-0.01,-0.1,0,-0.01,-0.11, -0.07]
8800,0.006988549,[-0.01,0,-0.1,-0.11,-0.01,-0.1,0,-0.01,-0.11, -0.07]
8810,0.006988549,[-0.01,0,-0.1,-0.11,-0.01,-0.1,0,-0.01,-0.11, -0.07]
8820,0.006988549,[-0.01,0,-0.1,-0.11,-0.01,-0.1,0,-0.01,-0.11, -0.07]
8830,0.006988549,[-0.01,0,-0.1,-0.11,-0.01,-0.1,0,-0.01,-0.11, -0.07]
8840,0.006988549,[-0.01,0,-0.1,-0.11,-0.01,-0.1,0,-0.01,-0.11, -0.07]
8850,0.006988549,[-0.01,0,-0.1,-0.11,-0.01,-0.1,0,-0.01,-0.11, -0.07]
8860,0.006988549,[-0.01,0,-0.1,-0.11,-0.01,-0.1,0,-0.01,-0.11, -0.07]
8870,0.006988549,[-0.01,0,-0.1,-0.11,-0.01,-0.1,0,-0.01,-0.11, -0.07]
8880,0.006988549,[-0.01,0,-0.1,-0.11,-0.01,-0.1,0,-0.01,-0.11, -0.07]
8890,0.006988549,[-0.01,0,-0.1,-0.11,-0.01,-0.1,0,-0.01,-0.11, -0.07]
8900,0.006988549,[-0.01,0,-0.1,-0.11,-0.01,-0.1,0,-0.01,-0.11, -0.07]
8910,0.006988549,[-0.01,0,-0.1,-0.11,-0.01,-0.1,0,-0.01,-0.11, -0.07]
8920,0.006988549,[-0.01,0,-0.1,-0.11,-0.01,-0.1,0,-0.01,-0.11, -0.07]
8930,0.006988549,[-0.01,0,-0.1,-0.11,-0.01,-0.1,0,-0.01,-0.11, -0.07]
8940,0.006988549,[-0.01,0,-0.1,-0.11,-0.01,-0.1,0,-0.01,-0.11, -0.07]
8950,0.006988549,[-0.01,0,-0.1,-0.11,-0.01,-0.1,0,-0.01,-0.11, -0.07]
8960,0.006988549,[-0.01,0,-0.1,-0.11,-0.01,-0.1,0,-0.01,-0.11, -0.07]
8970,0.006988549,[-0.01,0,-0.1,-0.11,-0.01,-0.1,0,-0.01,-0.11, -0.07]
8980,0.006988549,[-0.01,0,-0.1,-0.11,-0.01,-0.1,0,-0.01,-0.11, -0.07]
8990,0.006988549,[-0.01,0,-0.1,-0.11,-0.01,-0.1,0,-0.01,-0.11, -0.07]
9000,0.006988549,[-0.01,0,-0.1,-0.11,-0.01,-0.1,0,-0.01,-0.11, -0.07]
9010,0.006988549,[-0.01,0,-0.1,-0.11,-0.01,-0.1,0,-0.01,-0.11, -0.07]
9020,0.006988549,[-0.01,0,-0.1,-0.11,-0.01,-0.1,0,-0.01,-0.11, -0.07]
9030,0.006988549,[-0.01,0,-0.1,-0.11,-0.01,-0.1,0,-0.01,-0.11, -0.07]
9040,0.006988549,[-0.01,0,-0.1,-0.11,-0.01,-0.1,0,-0.01,-0.11, -0.07]
9050,0.006988549,[-0.01,0,-0.1,-0.11,-0.01,-0.1,0,-0.01,-0.11, -0.07]
9060,0.006988549,[-0.01,0,-0.1,-0.11,-0.01,-0.1,0,-0.01,-0.11, -0.07]
9070,0.006988549,[-0.01,0,-0.1,-0.11,-0.01,-0.1,0,-0.01,-0.11, -0.07]
9080,0.006988549,[-0.01,0,-0.1,-0.11,-0.01,-0.1,0,-0.01,-0.11, -0.07]
9090,0.006988549,[-0.01,0,-0.1,-0.11,-0.01,-0.1,0,-0.01,-0.11, -0.07]
9100,0.006988549,[-0.01,0,-0.1,-0.11,-0.01,-0.1,0,-0.01,-0.11, -0.07]
9110,0.006988549,[-0.01,0,-0.1,-0.11,-0.01,-0.1,0,-0.01,-0.11, -0.07]
9120,0.006988549,[-0.01,0,-0.1,-0.11,-0.01,-0.1,0,-0.01,-0.11, -0.07]
9130,0.006988549,[-0.01,0,-0.1,-0.11,-0.01,-0.1,0,-0.01,-0.11, -0.07]
9140,0.006988549,[-0.01,0,-0.1,-0.11,-0.01,-0.1,0,-0.01,-0.11, -0.07]
9150,0.006988549,[-0.01,0,-0.1,-0.11,-0.01,-0.1,0,-0.01,-0.11, -0.07]
9160,0.006988549,[-0.01,0,-0.1,-0.11,-0.01,-0.1,0,-0.01,-0.11, -0.07]
9170,0.006988549,[-0.01,0,-0.1,-0.11,-0.01,-0.1,0,-0.01,-0.11, -0.07]
9180,0.006088547,[-0.0,0,-0.1,-0.11,-0.01,-0.1,0,-0.01,-0.11, -0.07]
9190,0.006088547,[-0.0,0,-0.1,-0.11,-0.01,-0.1,0,-0.01,-0.11, -0.07]
9200,0.006088547,[-0.0,0,-0.1,-0.11,-0.01,-0.1,0,-0.01,-0.11, -0.07]
9210,0.006088547,[-0.0,0,-0.1,-0.11,-0.01,-0.1,0,-0.01,-0.11, -0.07]
9220,0.006088547,[-0.0,0,-0.1,-0.11,-0.01,-0.1,0,-0.01,-0.11, -0.07]
9230,0.006088547,[-0.0,0,-0.1,-0.11,-0.01,-0.1,0,-0.01,-0.11, -0.07]
9240,0.006088547,[-0.0,0,-0.1,-0.11,-0.01,-0.1,0,-0.01,-0.11, -0.07]
9250,0.006088547,[-0.0,0,-0.1,-0.11,-0.01,-0.1,0,-0.01,-0.11, -0.07]
9260,0.006088547,[-0.0,0,-0.1,-0.11,-0.01,-0.1,0,-0.01,-0.11, -0.07]
9270,0.006088547,[-0.0,0,-0.1,-0.11,-0.01,-0.1,0,-0.01,-0.11, -0.07]
9280,0.006088547,[-0.0,0,-0.1,-0.11,-0.01,-0.1,0,-0.01,-0.11, -0.07]
9290,0.006088547,[-0.0,0,-0.1,-0.11,-0.01,-0.1,0,-0.01,-0.11, -0.07]
9300,0.006088547,[-0.0,0,-0.1,-0.11,-0.01,-0.1,0,-0.01,-0.11, -0.07]
9310,0.006088547,[-0.0,0,-0.1,-0.11,-0.01,-0.1,0,-0.01,-0.11, -0.07]
9320,0.005205204,[-0.0,0,-0.1,-0.11,-0.01,-0.1,0,-0.1,-0.11, -0.07]
9330,0.005205204,[-0.0,0,-0.1,-0.11,-0.01,-0.1,0,-0.1,-0.11, -0.07]
9340,0.005205204,[-0.0,0,-0.1,-0.11,-0.01,-0.1,0,-0.1,-0.11, -0.07]
9350,0.005205204,[-0.0,0,-0.1,-0.11,-0.01,-0.1,0,-0.1,-0.11, -0.07]
9360,0.005205204,[-0.0,0,-0.1,-0.11,-0.01,-0.1,0,-0.1,-0.11, -0.07]
9370,0.005205204,[-0.0,0,-0.1,-0.11,-0.01,-0.1,0,-0.1,-0.11, -0.07]
9380,0.005205204,[-0.0,0,-0.1,-0.11,-0.01,-0.1,0,-0.1,-0.11, -0.07]
9390,0.005205204,[-0.0,0,-0.1,-0.11,-0.01,-0.1,0,-0.1,-0.11, -0.07]
9400,0.005205204,[-0.0,0,-0.1,-0.11,-0.01,-0.1,0,-0.1,-0.11, -0.07]
9410,0.005205204,[-0.0,0,-0.1,-0.11,-0.01,-0.1,0,-0.1,-0.11, -0.07]
9420,0.005205204,[-0.0,0,-0.1,-0.11,-0.01,-0.1,0,-0.1,-0.11, -0.07]
9430,0.005205204,[-0.0,0,-0.1,-0.11,-0.01,-0.1,0,-0.1,-0.11, -0.07]
9440,0.005205204,[-0.0,0,-0.1,-0.11,-0.01,-0.1,0,-0.1,-0.11, -0.07]
9450,0.005205204,[-0.0,0,-0.1,-0.11,-0.01,-0.1,0,-0.1,-0.11, -0.07]
9460,0.005205204,[-0.0,0,-0.1,-0.11,-0.01,-0.1,0,-0.1,-0.11, -0.07]
9470,0.005205204,[-0.0,0,-0.1,-0.11,-0.01,-0.1,0,-0.1,-0.11, -0.07]
9480,0.005205204,[-0.0,0,-0.1,-0.11,-0.01,-0.1,0,-0.1,-0.11, -0.07]
9490,0.005205204,[-0.0,0,-0.1,-0.11,-0.01,-0.1,0,-0.1,-0.11, -0.07]
9500,0.005205204,[-0.0,0,-0.1,-0.11,-0.01,-0.1,0,-0.1,-0.11, -0.07]
9510,0.005205204,[-0.0,0,-0.1,-0.11,-0.01,-0.1,0,-0.1,-0.11, -0.07]
9520,0.005205204,[-0.0,0,-0.1,-0.11,-0.01,-0.1,0,-0.1,-0.11, -0.07]
9530,0.005205204,[-0.0,0,-0.1,-0.11,-0.01,-0.1,0,-0.1,-0.11, -0.07]
9540,0.005205204,[-0.0,0,-0.1,-0.11,-0.01,-0.1,0,-0.1,-0.11, -0.07]
9550,0.005205204,[-0.0,0,-0.1,-0.11,-0.01,-0.1,0,-0.1,-0.11, -0.07]
9560,0.005205204,[-0.0,0,-0.1,-0.11,-0.01,-0.1,0,-0.1,-0.11, -0.07]
9570,0.005205204,[-0.0,0,-0.1,-0.11,-0.01,-0.1,0,-0.1,-0.11, -0.07]
9580,0.005205204,[-0.0,0,-0.1,-0.11,-0.01,-0.1,0,-0.1,-0.11, -0.07]
9590,0.005205204,[-0.0,0,-0.1,-0.11,-0.01,-0.1,0,-0.1,-0.11, -0.07]
9600,0.005205204,[-0.0,0,-0.1,-0.11,-0.01,-0.1,0,-0.1,-0.11, -0.07]
9610,0.005205204,[-0.0,0,-0.1,-0.11,-0.01,-0.1,0,-0.1,-0.11, -0.07]
9620,0.005205204,[-0.0,0,-0.1,-0.11,-0.01,-0.1,0,-0.1,-0.11, -0.07]
9630,0.005205204,[-0.0,0,-0.1,-0.11,-0.01,-0.1,0,-0.1,-0.11, -0.07]
9640,0.005205204,[-0.0,0,-0.1,-0.11,-0.01,-0.1,0,-0.1,-0.11, -0.07]
9650,0.005205204,[-0.0,0,-0.1,-0.11,-0.01,-0.1,0,-0.1,-0.11, -0.07]
9660,0.005205204,[-0.0,0,-0.1,-0.11,-0.01,-0.1,0,-0.1,-0.11, -0.07]
9670,0.005205204,[-0.0,0,-0.1,-0.11,-0.01,-0.1,0,-0.1,-0.11, -0.07]
9680,0.005205204,[-0.0,0,-0.1,-0.11,-0.01,-0.1,0,-0.1,-0.11, -0.07]
9690,0.005205204,[-0.0,0,-0.1,-0.11,-0.01,-0.1,0,-0.1,-0.11, -0.07]
9700,0.005205204,[-0.0,0,-0.1,-0.11,-0.01,-0.1,0,-0.1,-0.11, -0.07]
9710,0.005205204,[-0.0,0,-0.1,-0.11,-0.01,-0.1,0,-0.1,-0.11, -0.07]
9720,0.005205204,[-0.0,0,-0.1,-0.11,-0.01,-0.1,0,-0.1,-0.11, -0.07]
9730,0.005205204,[-0.0,0,-0.1,-0.11,-0.01,-0.1,0,-0.1,-0.11, -0.07]
9740,0.005205204,[-0.0,0,-0.1,-0.11,-0.01,-0.1,0,-0.1,-0.11, -0.07]
9750,0.005205204,[-0.0,0,-0.1,-0.11,-0.01,-0.1,0,-0.1,-0.11, -0.07]
9760,0.005205204,[-0.0,0,-0.1,-0.11,-0.01,-0.1,0,-0.1,-0.11, -0.07]
9770,0.005205204,[-0.0,0,-0.1,-0.11,-0.01,-0.1,0,-0.1,-0.11, -0.07]
9780,0.005205204,[-0.0,0,-0.1,-0.11,-0.01,-0.1,0,-0.1,-0.11, -0.07]
9790,0.005205204,[-0.0,0,-0.1,-0.11,-0.01,-0.1,0,-0.1,-0.11, -0.07]
9800,0.005205204,[-0.0,0,-0.1,-0.11,-0.01,-0.1,0,-0.1,-0.11, -0.07]
9810,0.005205204,[-0.0,0,-0.1,-0.11,-0.01,-0.1,0,-0.1,-0.11, -0.07]
9820,0.005205204,[-0.0,0,-0.1,-0.11,-0.01,-0.1,0,-0.1,-0.11, -0.07]
9830,0.005205204,[-0.0,0,-0.1,-0.11,-0.01,-0.1,0,-0.1,-0.11, -0.07]
9840,0.005205204,[-0.0,0,-0.1,-0.11,-0.01,-0.1,0,-0.1,-0.11, -0.07]
9850,0.005205204,[-0.0,0,-0.1,-0.11,-0.01,-0.1,0,-0.1,-0.11, -0.07]
9860,0.005205204,[-0.0,0,-0.1,-0.11,-0.01,-0.1,0,-0.1,-0.11, -0.07]
9870,0.005205204,[-0.0,0,-0.1,-0.11,-0.01,-0.1,0,-0.1,-0.11, -0.07]
9880,0.005205204,[-0.0,0,-0.1,-0.11,-0.01,-0.1,0,-0.1,-0.11, -0.07]
9890,0.005205204,[-0.0,0,-0.1,-0.11,-0.01,-0.1,0,-0.1,-0.11, -0.07]
9900,0.005205204,[-0.0,0,-0.1,-0.11,-0.01,-0.1,0,-0.1,-0.11, -0.07]
9910,0.005205204,[-0.0,0,-0.1,-0.11,-0.01,-0.1,0,-0.1,-0.11, -0.07]
9920,0.005205204,[-0.0,0,-0.1,-0.11,-0.01,-0.1,0,-0.1,-0.11, -0.07]
9930,0.005205204,[-0.0,0,-0.1,-0.11,-0.01,-0.1,0,-0.1,-0.11, -0.07]
9940,0.005205204,[-0.0,0,-0.1,-0.11,-0.01,-0.1,0,-0.1,-0.11, -0.07]
9950,0.005205204,[-0.0,0,-0.1,-0.11,-0.01,-0.1,0,-0.1,-0.11, -0.07]
9960,0.005205204,[-0.0,0,-0.1,-0.11,-0.01,-0.1,0,-0.1,-0.11, -0.07]
9970,0.005205204,[-0.0,0,-0.1,-0.11,-0.01,-0.1,0,-0.1,-0.11, -0.07]
9980,0.005205204,[-0.0,0,-0.1,-0.11,-0.01,-0.1,0,-0.1,-0.11, -0.07]
9990,0.00432186,[-0.0,0,-0.1,-0.11,-0.1,-0.1,0,-0.1,-0.11, -0.07]
10000,0.00432186,[-0.0,0,-0.1,-0.11,-0.1,-0.1,0,-0.1,-0.11, -0.07]
